id,query,tipo,groundtruth,documento,ruta,pagina,chunks
2,¿Qué procedimiento debe seguirse para iniciar sesión de usuario en el Panel táctil 1005808 MTPE Machine DAG BR 449?,procedimiento,Se debe cambiar a la pantalla del sistema «Iniciar sesión de usuario» mediante el menú de navegación del panel táctil.,1005808 02 Panel táctil.pdf,Back Up HD CEFA\Celulas-Esac Grandes\CEL13-CELULA VAN.EA\IR Welding Machine\1005808 MTPE Machine DAG BR 449\Español\02 Manejo\1005808 02 Panel táctil.pdf,5,
4,¿Qué función corresponde al bloque gráfico N.º 004 en el Panel táctil 1005808 MTPE Machine DAG BR 449?,factual,"El bloque gráfico N.º 004 corresponde a “Refrigeración, termorregulación, aire caliente”.",1005808 02 Panel táctil.pdf,Back Up HD CEFA\Celulas-Esac Grandes\CEL13-CELULA VAN.EA\IR Welding Machine\1005808 MTPE Machine DAG BR 449\Español\02 Manejo\1005808 02 Panel táctil.pdf,2,
5,¿Quién es el fabricante del Panel táctil 1005806 Punching machine según la portada del manual?,factual,"El fabricante es 3CON Anlagenbau GmbH, Kleinfeld 16, 6341 Ebbs / Austria.",1005806 02 Panel táctil.pdf,Back Up HD CEFA\Celulas-Esac Grandes\CEL13-CELULA VAN.EA\Punching Machine\1005806 Punching machine DAG BR 449\Español\02 Manejo\1005806 02 Panel táctil.pdf,1,
7,¿Qué procedimiento debe cumplirse para utilizar el temporizador (bloque gráfico 003) en el Panel táctil 1005806 Punching machine?,procedimiento,"Para utilizar el temporizador, el equipo debe apagarse y confirmarse el conjunto de paradas de emergencia, además debe seleccionarse el tiempo de comienzo deseado (hora:minutos).",1005806 02 Panel táctil.pdf,Back Up HD CEFA\Celulas-Esac Grandes\CEL13-CELULA VAN.EA\Punching Machine\1005806 Punching machine DAG BR 449\Español\02 Manejo\1005806 02 Panel táctil.pdf,12,
8,¿Qué condición debe cumplirse para poder ejecutar el accionamiento manual de los actores (bloque gráfico 013) en el Panel táctil 1005806 Punching machine?,regla,"Deben estar activados los dispositivos de seguridad, el modo de funcionamiento manual debe estar activado y el desbloqueo de los actuadores debe estar disponible.",1005806 02 Panel táctil.pdf,Back Up HD CEFA\Celulas-Esac Grandes\CEL13-CELULA VAN.EA\Punching Machine\1005806 Punching machine DAG BR 449\Español\02 Manejo\1005806 02 Panel táctil.pdf,24,
9,¿Qué normativa regula las mediciones realizadas en la MTPE Machine DAG BR 449 según el informe DGUV?,factual,"Las mediciones se realizaron según la DGUV Vorschrift 3 y las normas DIN VDE 0413 Teil 4, DIN VDE 0100 Teil 600, DIN VDE 0100 Teil 610 y DIN VDE 0100-410.",1005808 07 DGUV.pdf,Back Up HD CEFA\Celulas-Esac Grandes\CEL13-CELULA VAN.EA\IR Welding Machine\1005808 MTPE Machine DAG BR 449\Español\01 Seguridad\1005808 07 DGUV.pdf,1,
10,¿Qué procedimiento de medición de aislamiento se aplica en la MTPE Machine DAG BR 449 y cuál es la tensión de prueba utilizada?,procedimiento,"Se realiza una medición de aislamiento con una tensión de prueba de 500V y se exige para Schutzklasse I >0,3MΩ (con elementos calefactores), >1MΩ (sin elementos calefactores) y >2MΩ para partes conductoras accesibles sin conexión SL.",1005808 07 DGUV.pdf,Back Up HD CEFA\Celulas-Esac Grandes\CEL13-CELULA VAN.EA\IR Welding Machine\1005808 MTPE Machine DAG BR 449\Español\01 Seguridad\1005808 07 DGUV.pdf,8,
12,¿Qué condición debe cumplirse para que la medición FI en la MTPE Machine DAG BR 449 sea conforme?,regla,El interruptor FI debe disparar con un tiempo de disparo aproximado de 40 ms y con una corriente de disparo inferior a 30 mA.,1005808 07 DGUV.pdf,Back Up HD CEFA\Celulas-Esac Grandes\CEL13-CELULA VAN.EA\IR Welding Machine\1005808 MTPE Machine DAG BR 449\Español\01 Seguridad\1005808 07 DGUV.pdf,15,
13,¿Qué advertencia general debe cumplirse antes de realizar cualquier tarea de mantenimiento en la MTPE Machine DAG BR 449?,regla,"Antes de llevar a cabo ninguna tarea de mantenimiento, deben leerse atentamente los datos de los puntos de mantenimiento.",1005808 01 Plan de mantenimiento.pdf,Back Up HD CEFA\Celulas-Esac Grandes\CEL13-CELULA VAN.EA\IR Welding Machine\1005808 MTPE Machine DAG BR 449\Español\03 Mantenimiento\1005808 01 Plan de mantenimiento.pdf,3,
14,¿Qué procedimiento debe seguirse para asegurar la instalación frente a una reconexión durante tareas de mantenimiento en la MTPE Machine DAG BR 449?,procedimiento,"Debe señalizarse y cerrarse la instalación con avisos de mantenimiento, colocar advertencia en el interruptor principal, interrumpir el circuito de seguridad y asegurarlo frente a un cierre, además de cerrar y despresurizar la conexión de aire comprimido.",1005808 01 Plan de mantenimiento.pdf,Back Up HD CEFA\Celulas-Esac Grandes\CEL13-CELULA VAN.EA\IR Welding Machine\1005808 MTPE Machine DAG BR 449\Español\03 Mantenimiento\1005808 01 Plan de mantenimiento.pdf,5,
16,¿Qué requisito debe cumplirse al limpiar el panel táctil de la MTPE Machine DAG BR 449?,procedimiento,Debe utilizarse la función «arrancar pantalla de limpieza» en los ajustes de sistema del panel táctil antes de realizar la limpieza.,1005808 01 Plan de mantenimiento.pdf,Back Up HD CEFA\Celulas-Esac Grandes\CEL13-CELULA VAN.EA\IR Welding Machine\1005808 MTPE Machine DAG BR 449\Español\03 Mantenimiento\1005808 01 Plan de mantenimiento.pdf,21,
17,¿Cuál es el valor total del equipo indicado en la lista de piezas de recambio de la MTPE Machine DAG BR 449?,factual,"El valor total del equipo es 2.730.000,00 €.",1005808 01 Lista de piezas de recambio.pdf,Back Up HD CEFA\Celulas-Esac Grandes\CEL13-CELULA VAN.EA\IR Welding Machine\1005808 MTPE Machine DAG BR 449\Español\04 Piezas de recambio\1005808 01 Lista de piezas de recambio.pdf,1,
19,¿Qué procedimiento administrativo se indica respecto a la validez de precios en la lista de recambios de la MTPE Machine DAG BR 449?,regla,La validez del precio es de hasta 3 meses después de la emisión.,1005808 01 Lista de piezas de recambio.pdf,Back Up HD CEFA\Celulas-Esac Grandes\CEL13-CELULA VAN.EA\IR Welding Machine\1005808 MTPE Machine DAG BR 449\Español\04 Piezas de recambio\1005808 01 Lista de piezas de recambio.pdf,2,
20,¿Qué precio unitario tiene la CPU SIMATIC S7-1500F (6ES7517-3FP00-0AB0) en la MTPE Machine DAG BR 449?,factual,"El precio unitario recomendado es 7.017,82 €.",1005808 01 Lista de piezas de recambio.pdf,Back Up HD CEFA\Celulas-Esac Grandes\CEL13-CELULA VAN.EA\IR Welding Machine\1005808 MTPE Machine DAG BR 449\Español\04 Piezas de recambio\1005808 01 Lista de piezas de recambio.pdf,3,
22,¿Qué procedimiento de medición de aislamiento se aplica en la BR 449_IP_VAC+ESL_MTP_250-50_with vacuum kit y cuál es la tensión de prueba utilizada?,procedimiento,"Se realiza una medición de aislamiento con una tensión de prueba de 500 V, con valores mínimos exigidos según la clase de protección (Schutzklasse I >0,3MΩ con elementos calefactores, >1MΩ sin elementos calefactores, >2MΩ para partes conductoras accesibles sin conexión SL, Schutzklasse II >2,0MΩ).",1005796 07 DGUV.pdf,Back Up HD CEFA\Celulas-Esac Grandes\CEL13-CELULA VAN.EA\Lamination Machine\1005796 MTP Machine DAG BR 449\English\01 Safety\1005796 07 DGUV.pdf,8,
24,¿Qué condición debe cumplirse para que el interruptor diferencial (RCD) sea conforme en la BR 449_IP_VAC+ESL_MTP_250-50_with vacuum kit?,regla,El interruptor FI debe disparar con un tiempo aproximado de 40 ms y con una corriente de disparo inferior a 30 mA.,1005796 07 DGUV.pdf,Back Up HD CEFA\Celulas-Esac Grandes\CEL13-CELULA VAN.EA\Lamination Machine\1005796 MTP Machine DAG BR 449\English\01 Safety\1005796 07 DGUV.pdf,19,
26,¿Qué procedimiento de medición de aislamiento se aplica en la BR 449_IP lower center cover+Glove box_LHD_VAC_TOOL_1+0_1+0 y cuál es la tensión de prueba utilizada?,procedimiento,"Isolationsmessung: Prüfspannung 500V, Schutzklasse I – > 0,3MΩ (mit Heizelementen), Schutzklasse I – > 1MΩ (ohne Heizelementen), > 2MΩ (berührbare, leitfähige Teile ohne SL-Anschluss), Schutzklasse II >2,0MΩ.",1005797 04 DGUV.pdf,Back Up HD CEFA\Celulas-Esac Grandes\CEL13-CELULA VAN.EA\Lamination Machine\1005797 Vacuum tool DAG BR 449\Español\01 Seguridad\1005797 04 DGUV.pdf,5,
27,¿Qué valor máximo permitido se indica para la medición de baja resistencia (protective conductor continuity) en la BR 449_IP lower center cover+Glove box_LHD_VAC_TOOL_1+0_1+0?,regla,"Los valores medidos deben ser < 0,10 OHM.",1005797 04 DGUV.pdf,Back Up HD CEFA\Celulas-Esac Grandes\CEL13-CELULA VAN.EA\Lamination Machine\1005797 Vacuum tool DAG BR 449\Español\01 Seguridad\1005797 04 DGUV.pdf,3,
28,¿Qué instrumento de medición se utilizó para la prueba de red industrial (Profinet) en la BR 449_IP lower center cover+Glove box_LHD_VAC_TOOL_1+0_1+0?,factual,Se utilizó el equipo de medición WIREEXPERT 4500.,1005797 04 DGUV.pdf,Back Up HD CEFA\Celulas-Esac Grandes\CEL13-CELULA VAN.EA\Lamination Machine\1005797 Vacuum tool DAG BR 449\Español\01 Seguridad\1005797 04 DGUV.pdf,6,
29,¿Qué tipo de cable y fabricante se utilizaron en la conexión Profinet de la BR 449_IP lower center cover+Glove box_LHD_VAC_TOOL_1+0_1+0?,factual,Kabelbezeichnung: lapp etherline 2170894; Steckername: siemens.,1005797 05 Profinet.pdf,Back Up HD CEFA\Celulas-Esac Grandes\CEL13-CELULA VAN.EA\Lamination Machine\1005797 Vacuum tool DAG BR 449\Español\01 Seguridad\1005797 05 Profinet.pdf,1,
31,¿Qué procedimiento de verificación se realizó para la certificación de la red Profinet en la BR 449_IP lower center cover+Glove box_LHD_VAC_TOOL_1+0_1+0?,procedimiento,"Se realizó un Zertifizierungsbericht de Kupfer-Verkabelung con pruebas de Verdrahtung, Einfügedämpfung, Rückflussdämpfung, NEXT, ACR-F y ACR-N, todas con resultado “Bestanden”.",1005797 05 Profinet.pdf,Back Up HD CEFA\Celulas-Esac Grandes\CEL13-CELULA VAN.EA\Lamination Machine\1005797 Vacuum tool DAG BR 449\Español\01 Seguridad\1005797 05 Profinet.pdf,1,
32,¿Qué estándar de cableado se utilizó en la conexión Profinet de la BR 449_IP lower center cover+Glove box_LHD_VAC_TOOL_1+0_1+0?,regla,Verdrahtung: T568B.,1005797 05 Profinet.pdf,Back Up HD CEFA\Celulas-Esac Grandes\CEL13-CELULA VAN.EA\Lamination Machine\1005797 Vacuum tool DAG BR 449\Español\01 Seguridad\1005797 05 Profinet.pdf,1,
33,¿Qué advertencia general debe cumplirse antes de realizar cualquier tarea de mantenimiento en la BR 449_IP lower center cover+Glove box_LHD_VAC_TOOL_1+0_1+0?,regla,"¡Antes de llevar a cabo ninguna tarea de mantenimiento, lea atentamente los datos de los puntos de mantenimiento!",1005797 01 Plan de mantenimiento.pdf,Back Up HD CEFA\Celulas-Esac Grandes\CEL13-CELULA VAN.EA\Lamination Machine\1005797 Vacuum tool DAG BR 449\Español\03 Mantenimiento\1005797 01 Plan de mantenimiento.pdf,3,
34,¿Qué procedimiento debe seguirse para asegurar la instalación frente a una reconexión durante tareas de mantenimiento en la BR 449_IP lower center cover+Glove box_LHD_VAC_TOOL_1+0_1+0?,procedimiento,Señalice y cierre la instalación antes de las tareas de reparación («¡La instalación se encuentra en mantenimiento!» / «¡Entrada prohibida a personal no autorizado!»); coloque una advertencia en el interruptor principal; interrumpa el circuito de seguridad y asegúrelo frente a un cierre; cierre y despresurice la conexión de aire comprimido.,1005797 01 Plan de mantenimiento.pdf,Back Up HD CEFA\Celulas-Esac Grandes\CEL13-CELULA VAN.EA\Lamination Machine\1005797 Vacuum tool DAG BR 449\Español\03 Mantenimiento\1005797 01 Plan de mantenimiento.pdf,5,
37,¿Cuál es el valor total del equipo indicado en la lista de piezas de recambio de la BR 449_IP lower center cover+Glove box_LHD_VAC_TOOL_1+0_1+0?,factual,"Total Equipment value = 2.730.000,00 €",1005797 01 Lista de piezas de recambio.pdf,Back Up HD CEFA\Celulas-Esac Grandes\CEL13-CELULA VAN.EA\Lamination Machine\1005797 Vacuum tool DAG BR 449\Español\04 Piezas de recambio\1005797 01 Lista de piezas de recambio.pdf,1,
40,¿Qué condición se establece respecto a la validez de los precios en la lista de piezas de recambio de la BR 449_IP lower center cover+Glove box_LHD_VAC_TOOL_1+0_1+0?,regla,Price validity: up to 3 months after issue,1005797 01 Lista de piezas de recambio.pdf,Back Up HD CEFA\Celulas-Esac Grandes\CEL13-CELULA VAN.EA\Lamination Machine\1005797 Vacuum tool DAG BR 449\Español\04 Piezas de recambio\1005797 01 Lista de piezas de recambio.pdf,3,
42,¿Qué valor máximo permitido se indica para la medición de continuidad del conductor de protección en la BR 449_IP top pad_LHD/RHD_ITG_TOOL_1_1?,regla,Messwerte in OHM: < 0.10,1005799 04 DGUV.pdf,Back Up HD CEFA\Celulas-Esac Grandes\CEL13-CELULA VAN.EA\Lamination Machine\1005799 ITG Laminating tool DAG BR 449\Español\01 Seguridad\1005799 04 DGUV.pdf,3,
43,¿Qué tensión de prueba se utiliza en la medición de aislamiento de la BR 449_IP top pad_LHD/RHD_ITG_TOOL_1_1?,factual,Prüfspannung 500V,1005799 04 DGUV.pdf,Back Up HD CEFA\Celulas-Esac Grandes\CEL13-CELULA VAN.EA\Lamination Machine\1005799 ITG Laminating tool DAG BR 449\Español\01 Seguridad\1005799 04 DGUV.pdf,5,
44,¿Qué instrumento de medición se utilizó para la prueba de red industrial en la BR 449_IP top pad_LHD/RHD_ITG_TOOL_1_1?,factual,Messgerät: WIREEXPERT 4500,1005799 04 DGUV.pdf,Back Up HD CEFA\Celulas-Esac Grandes\CEL13-CELULA VAN.EA\Lamination Machine\1005799 ITG Laminating tool DAG BR 449\Español\01 Seguridad\1005799 04 DGUV.pdf,8,
46,¿Qué estándar de cableado se utilizó en la conexión Profinet de la BR 449_IP top pad_LHD/RHD_ITG_TOOL_1_1?,regla,Verdrahtung: T568B,1005799 05 Profinet.pdf,Back Up HD CEFA\Celulas-Esac Grandes\CEL13-CELULA VAN.EA\Lamination Machine\1005799 ITG Laminating tool DAG BR 449\Español\01 Seguridad\1005799 05 Profinet.pdf,1,
47,¿Qué tipo de cable y fabricante del conector se emplearon en la red Profinet de la BR 449_IP top pad_LHD/RHD_ITG_TOOL_1_1?,factual,Kabelbezeichnung: lapp etherline 2170894; Steckername: siemens,1005799 05 Profinet.pdf,Back Up HD CEFA\Celulas-Esac Grandes\CEL13-CELULA VAN.EA\Lamination Machine\1005799 ITG Laminating tool DAG BR 449\Español\01 Seguridad\1005799 05 Profinet.pdf,1,
49,¿Qué advertencia general debe cumplirse antes de realizar cualquier tarea de mantenimiento en la BR 449_IP top pad_LHD/RHD_ITG_TOOL_1_1?,regla,"¡Antes de llevar a cabo ninguna tarea de mantenimiento, lea atentamente los datos de los puntos de mantenimiento!",1005799 01 Plan de mantenimiento.pdf,Back Up HD CEFA\Celulas-Esac Grandes\CEL13-CELULA VAN.EA\Lamination Machine\1005799 ITG Laminating tool DAG BR 449\Español\03 Mantenimiento\1005799 01 Plan de mantenimiento.pdf,2,
52,¿Qué procedimiento debe seguirse para la lubricación del casquillo guía (04.07.002) en la BR 449_IP top pad_LHD/RHD_ITG_TOOL_1_1?,procedimiento,"Lubricación del casquillo guía a mano por medio de una brocha o una boquilla de engrase y una pistola engrasadora. Antes de la utilización de una pistola de engrase, deben limpiarse de forma exhaustiva tanto la pistola de engrase como los puntos de lubricación",1005799 01 Plan de mantenimiento.pdf,Back Up HD CEFA\Celulas-Esac Grandes\CEL13-CELULA VAN.EA\Lamination Machine\1005799 ITG Laminating tool DAG BR 449\Español\03 Mantenimiento\1005799 01 Plan de mantenimiento.pdf,14,
53,¿Cuál es el valor total del equipo indicado en la lista de piezas de recambio de la BR 449_IP top pad_LHD/RHD_ITG_TOOL_1_1?,factual,"Total Equipment value = 2.730.000,00 €",1005799 01 Lista de piezas de recambio.pdf,Back Up HD CEFA\Celulas-Esac Grandes\CEL13-CELULA VAN.EA\Lamination Machine\1005799 ITG Laminating tool DAG BR 449\Español\04 Piezas de recambio\1005799 01 Lista de piezas de recambio.pdf,1,
56,¿Qué condición se establece respecto a la validez de los precios en la lista de piezas de recambio de la BR 449_IP top pad_LHD/RHD_ITG_TOOL_1_1?,regla,Price validity: up to 3 months after issue,1005799 01 Lista de piezas de recambio.pdf,Back Up HD CEFA\Celulas-Esac Grandes\CEL13-CELULA VAN.EA\Lamination Machine\1005799 ITG Laminating tool DAG BR 449\Español\04 Piezas de recambio\1005799 01 Lista de piezas de recambio.pdf,2,
57,¿Cuál es la tensión nominal y la frecuencia eléctrica del armario de control documentado por FERRO Technik GmbH?,factual,Rated voltage: 3x400V+N+PE TN-S ; Frequency: 50HZ,Electrical documentation Control cabinet_engl.pdf,Back Up HD CEFA\Celulas-Esac Grandes\CEL13-CELULA VAN.EA\LASER TROTEC\Electrical documentation Control cabinet_engl.pdf,1,
58,¿Qué clase de protección y qué potencia nominal tiene el armario de control del proyecto Small control cabinet?,factual,"Prot. class: IP 54 ; Rated power / rated current: 9,5kW / 25A",Electrical documentation Control cabinet_engl.pdf,Back Up HD CEFA\Celulas-Esac Grandes\CEL13-CELULA VAN.EA\LASER TROTEC\Electrical documentation Control cabinet_engl.pdf,1,
59,¿Qué procedimiento de señalización utiliza la interfaz D-Sub para indicar el estado “In operation”?,procedimiento,Outputsignal for operation of converters: High 24VDC: Converter 1+2 in operation ; Low 0VDC: converter 1+2 standby,Electrical documentation Control cabinet_engl.pdf,Back Up HD CEFA\Celulas-Esac Grandes\CEL13-CELULA VAN.EA\LASER TROTEC\Electrical documentation Control cabinet_engl.pdf,13,
61,¿Cuál es el uso previsto de la SP3000 máquina láser Trotec?,regla,"La máquina descrita en este manual está concebida exclusivamente para el corte, gravado y marcado láser de no-metal y material de acuerdo con el uso previsto de la máquina utilizando el software suministrado.",Manual de instrucciones SP3000.pdf,Back Up HD CEFA\Celulas-Esac Grandes\CEL13-CELULA VAN.EA\LASER TROTEC\Manual de instrucciones SP3000.pdf,11,
62,¿Qué procedimiento debe seguir el operador en caso de incendio durante el uso de la SP3000 máquina láser Trotec?,procedimiento,En caso de incendio: Utilice solo extintor de incendios de CO2 para apagar el fuego en la medida en que sea posible sin dañarse usted a usted mismo.,Manual de instrucciones SP3000.pdf,Back Up HD CEFA\Celulas-Esac Grandes\CEL13-CELULA VAN.EA\LASER TROTEC\Manual de instrucciones SP3000.pdf,25,
64,¿Qué clase de láser tiene la SP3000 máquina láser Trotec durante el funcionamiento normal?,factual,SP3000 máquina láser Clase 2 (EE.UU.: clase II) en el área de trabajo y en el rango de manejo,Manual de instrucciones SP3000.pdf,Back Up HD CEFA\Celulas-Esac Grandes\CEL13-CELULA VAN.EA\LASER TROTEC\Manual de instrucciones SP3000.pdf,14,
65,¿Qué tipo de alimentación eléctrica recibe la SP3000 máquina láser Trotec según el esquema AC-Supply?,factual,Einspeisung: 3x 400V AC +N +PE 50/60Hz,SP3000_C400_Rev1.pdf,Back Up HD CEFA\Celulas-Esac Grandes\CEL13-CELULA VAN.EA\LASER TROTEC\SP3000_C400_Rev1.pdf,8,
66,¿Qué procedimiento de seguridad está conectado al módulo de interlock en la electrónica de alimentación DC de la SP3000 máquina láser Trotec?,procedimiento,INTERLOCK – PNOZ S7 24VDC PILZ.750 107,SP3000_C400_Rev1.pdf,Back Up HD CEFA\Celulas-Esac Grandes\CEL13-CELULA VAN.EA\LASER TROTEC\SP3000_C400_Rev1.pdf,11,
67,¿Qué interfaz de comunicación se utiliza para la conexión de red del láser Synrad i401 en la SP3000 máquina láser Trotec?,factual,RJ-45 ( J8 ) LAN-Interface,SP3000_C400_Rev1.pdf,Back Up HD CEFA\Celulas-Esac Grandes\CEL13-CELULA VAN.EA\LASER TROTEC\SP3000_C400_Rev1.pdf,15,
68,¿Qué regla define la señal Laser-Active-out en la fuente láser Synrad i401 de la SP3000 máquina láser Trotec?,regla,Laser-Active-out,SP3000_C400_Rev1.pdf,Back Up HD CEFA\Celulas-Esac Grandes\CEL13-CELULA VAN.EA\LASER TROTEC\SP3000_C400_Rev1.pdf,15,
71,¿Qué procedimiento de medición de aislamiento se aplica y cuál es la tensión de prueba utilizada en la SE210 Glovebox WELD MTP 180-32 TT?,procedimiento,"Isolationsmessung Prüfspannung 500V Schutzklasse I – > 0,3MΩ (mit Heizelementen) Schutzklasse I – > 1MΩ (ohne Heizelementen) > 2MΩ Schutzklasse II >2,0MΩ",1005806 07 DGUV.pdf,Back Up HD CEFA\Celulas-Esac Grandes\CEL13-CELULA VAN.EA\Punching Machine\1005806 Punching machine DAG BR 449\Español\01 Seguridad\1005806 07 DGUV.pdf,6,
72,¿Qué condición debe cumplirse para la medición del interruptor diferencial (RCD) en la SE210 Glovebox WELD MTP 180-32 TT?,regla,FI Messung Auslösezeit ~40ms Auslösestrom <30mA,1005806 07 DGUV.pdf,Back Up HD CEFA\Celulas-Esac Grandes\CEL13-CELULA VAN.EA\Punching Machine\1005806 Punching machine DAG BR 449\Español\01 Seguridad\1005806 07 DGUV.pdf,8,
73,¿Qué advertencia general debe cumplirse antes de realizar cualquier tarea de mantenimiento en la SE210 Glovebox WELD MTP 180-32 TT?,regla,"¡Antes de llevar a cabo ninguna tarea de mantenimiento, lea atentamente los datos de los puntos de mantenimiento!",1005806 01 Plan de mantenimiento.pdf,Back Up HD CEFA\Celulas-Esac Grandes\CEL13-CELULA VAN.EA\Punching Machine\1005806 Punching machine DAG BR 449\Español\03 Mantenimiento\1005806 01 Plan de mantenimiento.pdf,3,
74,¿Qué procedimiento debe seguirse para evitar la reconexión accidental durante el mantenimiento de la SE210 Glovebox WELD MTP 180-32 TT?,procedimiento,Señalice y cierre la instalación; coloque advertencia en el interruptor principal; interrumpa el circuito de seguridad y asegúrelo frente a un cierre; cierre y despresurice la conexión de aire comprimido.,1005806 01 Plan de mantenimiento.pdf,Back Up HD CEFA\Celulas-Esac Grandes\CEL13-CELULA VAN.EA\Punching Machine\1005806 Punching machine DAG BR 449\Español\03 Mantenimiento\1005806 01 Plan de mantenimiento.pdf,5,
77,¿Cuál es el valor total del equipo indicado en la lista de piezas de recambio de la SE210 Glovebox WELD MTP 180-32 TT?,factual,"Total Equipment value = 2.730.000,00 €",1005806 01 Lista de piezas de recambio.pdf,Back Up HD CEFA\Celulas-Esac Grandes\CEL13-CELULA VAN.EA\Punching Machine\1005806 Punching machine DAG BR 449\Español\04 Piezas de recambio\1005806 01 Lista de piezas de recambio.pdf,1,
80,¿Qué regla se establece sobre la validez de los precios en la lista de repuestos de la SE210 Glovebox WELD MTP 180-32 TT?,regla,Price validity: up to 3 months after issue,1005806 01 Lista de piezas de recambio.pdf,Back Up HD CEFA\Celulas-Esac Grandes\CEL13-CELULA VAN.EA\Punching Machine\1005806 Punching machine DAG BR 449\Español\04 Piezas de recambio\1005806 01 Lista de piezas de recambio.pdf,2,
81,¿Cuál es el número de proyecto asociado a los datos de sonotrodos del producto Steering Column Upper Cover VAN E.A?,factual,Project-No.: 100.096.01,Datos sonotrodos.pdf,Back Up HD CEFA\Celulas-Esac Grandes\CEL13-CELULA VAN.EA\Soldadura Ultrasonidos ECOFLEX\10. Protocolo de pruebas\Datos sonotrodos.pdf,1,
85,¿Qué instrumento de medición se utilizó para el protocolo de ruido del proyecto Steering Column Mercedes Van EA?,factual,"Instrumento de medición: Norsonic AS, Tipo: NOR 131, Número de serie: 1313879",FB0013.01 Protocolo de medidas de ruido.pdf,Back Up HD CEFA\Celulas-Esac Grandes\CEL13-CELULA VAN.EA\Soldadura Ultrasonidos ECOFLEX\10. Protocolo de pruebas\FB0013.01 Protocolo de medidas de ruido.pdf,1,
86,¿Cuál fue el tiempo de ciclo de máquina utilizado durante las mediciones de ruido del proyecto Steering Column Mercedes Van EA?,factual,Tiempo de ciclo máquina de un ciclo: 12 segundos,FB0013.01 Protocolo de medidas de ruido.pdf,Back Up HD CEFA\Celulas-Esac Grandes\CEL13-CELULA VAN.EA\Soldadura Ultrasonidos ECOFLEX\10. Protocolo de pruebas\FB0013.01 Protocolo de medidas de ruido.pdf,1,
88,¿Es necesario el adhesivo de protección auditiva según el protocolo de ruido del proyecto Steering Column Mercedes Van EA?,regla,Necesario adhesivo protección auditiva: no,FB0013.01 Protocolo de medidas de ruido.pdf,Back Up HD CEFA\Celulas-Esac Grandes\CEL13-CELULA VAN.EA\Soldadura Ultrasonidos ECOFLEX\10. Protocolo de pruebas\FB0013.01 Protocolo de medidas de ruido.pdf,2,
89,¿Cuál es el valor medio general obtenido en la revisión de capacidad de la máquina del proyecto Steering Column Mercedes VAN EA?,factual,"Valor medio general: µ = Xq/q 4,997",FB0014.00 Revisión capacidad de máquina.pdf,Back Up HD CEFA\Celulas-Esac Grandes\CEL13-CELULA VAN.EA\Soldadura Ultrasonidos ECOFLEX\10. Protocolo de pruebas\FB0014.00 Revisión capacidad de máquina.pdf,1,
91,¿Qué instrumento de medición se utilizó en la revisión de capacidad de la máquina del proyecto Steering Column Mercedes VAN EA?,factual,Medio de medición: Digimatic Mini-Prozessor,FB0014.00 Revisión capacidad de máquina.pdf,Back Up HD CEFA\Celulas-Esac Grandes\CEL13-CELULA VAN.EA\Soldadura Ultrasonidos ECOFLEX\10. Protocolo de pruebas\FB0014.00 Revisión capacidad de máquina.pdf,1,
92,¿Qué criterio de capacidad de calidad nominal debe cumplirse según el informe?,regla,Cifras de capacidad de calidad nominal Cmk > 1.33,FB0014.00 Revisión capacidad de máquina.pdf,Back Up HD CEFA\Celulas-Esac Grandes\CEL13-CELULA VAN.EA\Soldadura Ultrasonidos ECOFLEX\10. Protocolo de pruebas\FB0014.00 Revisión capacidad de máquina.pdf,1,
93,¿Cuál es el objetivo del control general regular de la puerta corredera?,factual,Determinación de la función correcta del completo sistema de seguridad.,PA Control de puerta corredera.pdf,Back Up HD CEFA\Celulas-Esac Grandes\CEL13-CELULA VAN.EA\Soldadura Ultrasonidos ECOFLEX\10. Protocolo de pruebas\PA Control de puerta corredera.pdf,1,
94,¿Qué procedimiento debe seguirse para comprobar el funcionamiento de las barras de conmutación en la puerta corredera?,procedimiento,Activando las barras de control es necesario que se active un movimiento de inversión inmediato de la puerta corredera.,PA Control de puerta corredera.pdf,Back Up HD CEFA\Celulas-Esac Grandes\CEL13-CELULA VAN.EA\Soldadura Ultrasonidos ECOFLEX\10. Protocolo de pruebas\PA Control de puerta corredera.pdf,1,
95,¿Con qué frecuencia se requiere el control del sistema según la norma ASR A1.7 en Alemania?,regla,Según la norma ASR A1.7 se requiere en Alemania un control anual.,PA Control de puerta corredera.pdf,Back Up HD CEFA\Celulas-Esac Grandes\CEL13-CELULA VAN.EA\Soldadura Ultrasonidos ECOFLEX\10. Protocolo de pruebas\PA Control de puerta corredera.pdf,1,
96,¿Qué acción debe realizarse si se detecta un error durante la prueba del sistema de la puerta corredera?,regla,"En caso de suceder algún error durante la prueba, no seguir usando la instalación.",PA Control de puerta corredera.pdf,Back Up HD CEFA\Celulas-Esac Grandes\CEL13-CELULA VAN.EA\Soldadura Ultrasonidos ECOFLEX\10. Protocolo de pruebas\PA Control de puerta corredera.pdf,2,
97,¿Cuál es el objetivo del control general regular del portal corredero?,factual,Determinación de la función correcta del completo sistema de seguridad.,PA Control portal corredero.pdf,Back Up HD CEFA\Celulas-Esac Grandes\CEL13-CELULA VAN.EA\Soldadura Ultrasonidos ECOFLEX\10. Protocolo de pruebas\PA Control portal corredero.pdf,1,
98,¿Qué procedimiento debe seguirse para comprobar la barrera fotoeléctrica del portal corredero?,procedimiento,Controlar el funcionamiento de la barrera fotoeléctrica. (en caso de existir),PA Control portal corredero.pdf,Back Up HD CEFA\Celulas-Esac Grandes\CEL13-CELULA VAN.EA\Soldadura Ultrasonidos ECOFLEX\10. Protocolo de pruebas\PA Control portal corredero.pdf,1,
99,¿Qué norma establece la periodicidad del control del sistema del portal corredero en Alemania?,regla,Según la norma ASR A1.7 se requiere en Alemania un control anual.,PA Control portal corredero.pdf,Back Up HD CEFA\Celulas-Esac Grandes\CEL13-CELULA VAN.EA\Soldadura Ultrasonidos ECOFLEX\10. Protocolo de pruebas\PA Control portal corredero.pdf,1,
100,¿Qué acción debe realizarse si se detecta un funcionamiento inseguro del sistema?,regla,Con un funcionamiento inseguro del sistema de seguridad es necesario detener la instalación inmediatamente y realizar un control de seguridad completo según el manual de instrucciones y de conexiones.,PA Control portal corredero.pdf,Back Up HD CEFA\Celulas-Esac Grandes\CEL13-CELULA VAN.EA\Soldadura Ultrasonidos ECOFLEX\10. Protocolo de pruebas\PA Control portal corredero.pdf,2,
101,¿Cuál es el objetivo del control diario de la cortina fotoeléctrica?,factual,Determinación de la función correcta de la barrera fotoeléctrica. Control del campo de protección.,PA Instrucciones de control-Control cortina fotoelectrica.pdf,Back Up HD CEFA\Celulas-Esac Grandes\CEL13-CELULA VAN.EA\Soldadura Ultrasonidos ECOFLEX\10. Protocolo de pruebas\PA Instrucciones de control-Control cortina fotoelectrica.pdf,1,
102,¿Qué procedimiento debe seguirse para comprobar los haces de luz durante la prueba de la cortina fotoeléctrica?,procedimiento,"Cubrir cuidadosamente cada haz de luz con un cuerpo de prueba que no permita pasar la luz (mín 30mm de diámetro) delante del emisor, entre emisor y receptor, delante del receptor y antes/después de los espejos de refracción.",PA Instrucciones de control-Control cortina fotoelectrica.pdf,Back Up HD CEFA\Celulas-Esac Grandes\CEL13-CELULA VAN.EA\Soldadura Ultrasonidos ECOFLEX\10. Protocolo de pruebas\PA Instrucciones de control-Control cortina fotoelectrica.pdf,2,
104,¿Qué acción debe realizarse si ocurre un error durante la prueba del sistema?,regla,"En caso de suceder algún error durante la prueba, no seguir usando la instalación.",PA Instrucciones de control-Control cortina fotoelectrica.pdf,Back Up HD CEFA\Celulas-Esac Grandes\CEL13-CELULA VAN.EA\Soldadura Ultrasonidos ECOFLEX\10. Protocolo de pruebas\PA Instrucciones de control-Control cortina fotoelectrica.pdf,2,
105,¿Cuál es el objetivo del control diario del escáner láser?,factual,Determinación de la función correcta de la escáner láser. Control de los campos de protección.,PA Laserscanner.pdf,Back Up HD CEFA\Celulas-Esac Grandes\CEL13-CELULA VAN.EA\Soldadura Ultrasonidos ECOFLEX\10. Protocolo de pruebas\PA Laserscanner.pdf,1,
106,¿Qué procedimiento debe realizarse para verificar la función de protección del escáner láser durante el funcionamiento de la instalación?,procedimiento,Intervenir a propósito en el campo de protección seleccionado durante el funcionamiento de la instalación para controlar la función de protección para la instalación completa. Los avisadores luminosos del escáner láser deben cambiar de verde a rojo y el movimiento que genera peligro debe detenerse inmediatamente.,PA Laserscanner.pdf,Back Up HD CEFA\Celulas-Esac Grandes\CEL13-CELULA VAN.EA\Soldadura Ultrasonidos ECOFLEX\10. Protocolo de pruebas\PA Laserscanner.pdf,1,
108,¿Qué acción debe realizarse si ocurre un error durante la prueba del escáner láser?,regla,"En caso de suceder algún error durante la prueba, no seguir usando la instalación.",PA Laserscanner.pdf,Back Up HD CEFA\Celulas-Esac Grandes\CEL13-CELULA VAN.EA\Soldadura Ultrasonidos ECOFLEX\10. Protocolo de pruebas\PA Laserscanner.pdf,2,
109,¿Cuál es el objetivo del control de medición del nivel de presión sonora en la zona de ingreso?,factual,Determinar el nivel de presión sonora de una máquina durante el funcionamiento.,PA Medición del nivel de presión sonora en la zona de ingreso.pdf,Back Up HD CEFA\Celulas-Esac Grandes\CEL13-CELULA VAN.EA\Soldadura Ultrasonidos ECOFLEX\10. Protocolo de pruebas\PA Medición del nivel de presión sonora en la zona de ingreso.pdf,1,
110,¿Qué procedimiento debe seguirse para realizar la medición del nivel de presión sonora?,procedimiento,"Conectar la máquina y activar el ciclo automático (3 ciclos), montar el dispositivo delante del lugar de entrada, conectar el dispositivo, iniciar la medición junto con la máquina, repetir la medición con 2 ciclos adicionales y guardar los resultados.",PA Medición del nivel de presión sonora en la zona de ingreso.pdf,Back Up HD CEFA\Celulas-Esac Grandes\CEL13-CELULA VAN.EA\Soldadura Ultrasonidos ECOFLEX\10. Protocolo de pruebas\PA Medición del nivel de presión sonora en la zona de ingreso.pdf,2,
112,¿Qué límite máximo de nivel de presión sonora no debe superarse tras la evaluación de resultados?,regla,El nivel de presión sonora registrado no debe exceder el valor de 80dB.,PA Medición del nivel de presión sonora en la zona de ingreso.pdf,Back Up HD CEFA\Celulas-Esac Grandes\CEL13-CELULA VAN.EA\Soldadura Ultrasonidos ECOFLEX\10. Protocolo de pruebas\PA Medición del nivel de presión sonora en la zona de ingreso.pdf,2,
113,¿Cuál es la responsabilidad principal del operario para garantizar la seguridad durante el funcionamiento de la máquina ECOFLEX iSONIC?,factual,"El explotador debe planificar las medidas de seguridad, garantizar el uso conforme, controlar los dispositivos de seguridad, proporcionar EPI, mantener las instrucciones disponibles y permitir solo personal cualificado.",100.096.01 Traduccion de las instrucciones de funcionamiento.pdf,Back Up HD CEFA\Celulas-Esac Grandes\CEL13-CELULA VAN.EA\Soldadura Ultrasonidos ECOFLEX\2. Instrucciones de operacion\100.096.01 Traduccion de las instrucciones de funcionamiento.pdf,7,
114,¿Qué procedimiento debe seguirse para liberar la parada de emergencia de la máquina ECOFLEX iSONIC?,procedimiento,"Desbloquear el conmutador de parada de emergencia, accionar la tecla luminosa “acuse de perturbación” y accionar la tecla luminosa “arranque de la posición inicial de la máquina” hasta alcanzar la posición inicial.",100.096.01 Traduccion de las instrucciones de funcionamiento.pdf,Back Up HD CEFA\Celulas-Esac Grandes\CEL13-CELULA VAN.EA\Soldadura Ultrasonidos ECOFLEX\2. Instrucciones de operacion\100.096.01 Traduccion de las instrucciones de funcionamiento.pdf,33,
116,¿Qué regla debe cumplirse respecto al personal con marcapasos al trabajar con la máquina?,regla,Está prohibido que personas con marcapasos o desfibrilador trabajen o permanezcan en la máquina.,100.096.01 Traduccion de las instrucciones de funcionamiento.pdf,Back Up HD CEFA\Celulas-Esac Grandes\CEL13-CELULA VAN.EA\Soldadura Ultrasonidos ECOFLEX\2. Instrucciones de operacion\100.096.01 Traduccion de las instrucciones de funcionamiento.pdf,14,
119,¿Qué capacidad tiene el depósito de aire comprimido incluido en los recambios del producto Steering Column Upper Cover VAN E.A?,factual,Depósito de aire comprimido de 20 L,100.096.01 - Recambios.pdf,Back Up HD CEFA\Celulas-Esac Grandes\CEL13-CELULA VAN.EA\Soldadura Ultrasonidos ECOFLEX\3. Lista de piezas de recambio\100.096.01 - Recambios.pdf,1,
121,¿Cuál es el uso destinado de la pistola de soldadura manual DNP-35?,regla,La pistola de soldadura manual de ultrasonidos ha sido desarrollada únicamente para realizar trabajos de soldadura por ultrasonidos de materiales termoplásticos que se fusionan bajo altas temperaturas y presión.,27.11.2014 ES Traducción de las instrucciones de funcionamiento Pistola de soldadura manual.pdf,Back Up HD CEFA\Celulas-Esac Grandes\CEL13-CELULA VAN.EA\Soldadura Ultrasonidos ECOFLEX\5. Opcion Instrucciones de operacion Pistola de soldadura\27.11.2014 ES Traducción de las instrucciones de funcionamiento Pistola de soldadura manual.pdf,6,
122,¿Qué procedimiento describe la secuencia de trabajo al utilizar la pistola de soldadura manual DNP-35?,procedimiento,"Conectar el sonotrodo a la pieza, pulsar el gatillo para iniciar ultrasonidos, mantener presión ligera, soltar gatillo al finalizar, dejar el sonotrodo 2-3 s para enfriamiento y retirarlo.",27.11.2014 ES Traducción de las instrucciones de funcionamiento Pistola de soldadura manual.pdf,Back Up HD CEFA\Celulas-Esac Grandes\CEL13-CELULA VAN.EA\Soldadura Ultrasonidos ECOFLEX\5. Opcion Instrucciones de operacion Pistola de soldadura\27.11.2014 ES Traducción de las instrucciones de funcionamiento Pistola de soldadura manual.pdf,12,
124,¿Qué regla de seguridad se establece respecto al contacto con el sonotrodo durante el funcionamiento?,regla,No tocar el sonotrodo cuando estén activados los ultrasonidos. ¡Peligro de quemaduras!,27.11.2014 ES Traducción de las instrucciones de funcionamiento Pistola de soldadura manual.pdf,Back Up HD CEFA\Celulas-Esac Grandes\CEL13-CELULA VAN.EA\Soldadura Ultrasonidos ECOFLEX\5. Opcion Instrucciones de operacion Pistola de soldadura\27.11.2014 ES Traducción de las instrucciones de funcionamiento Pistola de soldadura manual.pdf,6,
125,¿Cuál es la tensión y frecuencia de alimentación eléctrica de la máquina de soldadura por ultrasonidos del proyecto 100_096_01 Cefa_ES?,factual,3x400V / N / PE / 10A / 50Hz,100_096_01 Cefa_ES.pdf,Back Up HD CEFA\Celulas-Esac Grandes\CEL13-CELULA VAN.EA\Soldadura Ultrasonidos ECOFLEX\6. Esquema de conexiones electricas\100_096_01 Cefa_ES.pdf,2,
126,¿Qué tipo de fusible principal se especifica para la protección del sistema en el proyecto 100_096_01 Cefa_ES?,factual,"Fusible principal: sistema de aseguramiento DIAZED, Categoría de uso gG",100_096_01 Cefa_ES.pdf,Back Up HD CEFA\Celulas-Esac Grandes\CEL13-CELULA VAN.EA\Soldadura Ultrasonidos ECOFLEX\6. Esquema de conexiones electricas\100_096_01 Cefa_ES.pdf,2,
127,¿Qué advertencia de seguridad se indica al desconectar el interruptor principal en el armario de distribución?,regla,Al desconectar el interruptor principal sigue habiento tensión,100_096_01 Cefa_ES.pdf,Back Up HD CEFA\Celulas-Esac Grandes\CEL13-CELULA VAN.EA\Soldadura Ultrasonidos ECOFLEX\6. Esquema de conexiones electricas\100_096_01 Cefa_ES.pdf,10,
130,¿Qué fabricante suministra el cilindro de carrera 300 mm utilizado en la mesa móvil de la EcoFlex iSonic?,factual,Cilindro Ø32; Carrera 300 Festo DNC-32-300-PPV-A,900_165_31_es.pdf,Back Up HD CEFA\Celulas-Esac Grandes\CEL13-CELULA VAN.EA\Soldadura Ultrasonidos ECOFLEX\7. Esquema neumatico\900_165_31_es.pdf,3,
131,¿Qué procedimiento de advertencia se indica respecto a las líneas neumáticas en la EcoFlex iSonic?,regla,¡ATENCIÓN! Línea está bajo presión,900_165_31_es.pdf,Back Up HD CEFA\Celulas-Esac Grandes\CEL13-CELULA VAN.EA\Soldadura Ultrasonidos ECOFLEX\7. Esquema neumatico\900_165_31_es.pdf,3,
133,¿Cuál es el tiempo máximo de trabajo configurado en los parámetros de la máquina del proyecto Steering Column Mercedes VAN EA?,factual,"Tiempo máximo de trabajo: 9,90 s",FB0010.01 Parámetros de máquina_Parámetros adicionales.pdf,Back Up HD CEFA\Celulas-Esac Grandes\CEL13-CELULA VAN.EA\Soldadura Ultrasonidos ECOFLEX\8. Parametros\FB0010.01 Parámetros de máquina_Parámetros adicionales.pdf,1,
141,¿Qué instrumento de medición se utilizó para las mediciones eléctricas del sistema BR 449_IP_MTPE_250-32?,factual,Messgerät: Fluke 1654B,1005328 07 DGUV.pdf,Back Up HD CEFA\Celulas-Esac Grandes\CEL13-CELULA VAN.EA\Edge Folding Machine\1005328 MTPE Machine DAG BR 449\Español\01 Seguridad\1005328 07 DGUV.pdf,3,
143,¿Qué procedimiento de medición de aislamiento se aplica y qué tensión de prueba se utiliza en la BR 449_IP_MTPE_250-32?,procedimiento,"Prüfspannung 500V, Schutzklasse I – > 0,3MΩ (mit Heizelementen), Schutzklasse I – > 1MΩ (ohne Heizelementen), > 2MΩ (berührbare, leitfähige Teile ohne SL-Anschluss), Schutzklasse II >2,0MΩ",1005328 07 DGUV.pdf,Back Up HD CEFA\Celulas-Esac Grandes\CEL13-CELULA VAN.EA\Edge Folding Machine\1005328 MTPE Machine DAG BR 449\Español\01 Seguridad\1005328 07 DGUV.pdf,8,
144,¿Qué condición debe cumplirse para la medición del interruptor diferencial (RCD) en la BR 449_IP_MTPE_250-32?,regla,FI Messung Auslösezeit ~40ms Auslösestrom <30mA,1005328 07 DGUV.pdf,Back Up HD CEFA\Celulas-Esac Grandes\CEL13-CELULA VAN.EA\Edge Folding Machine\1005328 MTPE Machine DAG BR 449\Español\01 Seguridad\1005328 07 DGUV.pdf,12,
145,¿Qué advertencia general debe leerse antes de realizar tareas de mantenimiento en la BR 449_IP_MTPE_250-32?,regla,"¡Antes de llevar a cabo ninguna tarea de mantenimiento, lea atentamente los datos de los puntos de mantenimiento!",1005328 01 Plan de mantenimiento.pdf,Back Up HD CEFA\Celulas-Esac Grandes\CEL13-CELULA VAN.EA\Edge Folding Machine\1005328 MTPE Machine DAG BR 449\Español\03 Mantenimiento\1005328 01 Plan de mantenimiento.pdf,3,
146,¿Qué procedimiento debe seguirse para asegurar la instalación frente a la reconexión durante el mantenimiento de la BR 449_IP_MTPE_250-32?,procedimiento,Señalice y cierre la instalación antes de las tareas de reparación; coloque advertencia en el interruptor principal; interrumpa el circuito de seguridad; cierre y despresurice la conexión de aire comprimido.,1005328 01 Plan de mantenimiento.pdf,Back Up HD CEFA\Celulas-Esac Grandes\CEL13-CELULA VAN.EA\Edge Folding Machine\1005328 MTPE Machine DAG BR 449\Español\03 Mantenimiento\1005328 01 Plan de mantenimiento.pdf,5,
148,¿Qué acción debe realizarse si falla la protección contra caídas durante las comprobaciones?,regla,"¡Si en las comprobaciones falla la protección contra caídas, debe detenerse de inmediato la instalación!",1005328 01 Plan de mantenimiento.pdf,Back Up HD CEFA\Celulas-Esac Grandes\CEL13-CELULA VAN.EA\Edge Folding Machine\1005328 MTPE Machine DAG BR 449\Español\03 Mantenimiento\1005328 01 Plan de mantenimiento.pdf,14,
149,¿Cuál es el valor total del equipo indicado en la lista de repuestos de la BR 449_IP_MTPE_250-32?,factual,"Total Equipment value = 2.730.000,00 €",1005328 01 Lista de piezas de recambio.pdf,Back Up HD CEFA\Celulas-Esac Grandes\CEL13-CELULA VAN.EA\Edge Folding Machine\1005328 MTPE Machine DAG BR 449\Español\04 Piezas de recambio\1005328 01 Lista de piezas de recambio.pdf,1,
152,¿Qué regla se establece sobre la validez de los precios en la lista de repuestos de la BR 449_IP_MTPE_250-32?,regla,Price validity: up to 3 months after issue,1005328 01 Lista de piezas de recambio.pdf,Back Up HD CEFA\Celulas-Esac Grandes\CEL13-CELULA VAN.EA\Edge Folding Machine\1005328 MTPE Machine DAG BR 449\Español\04 Piezas de recambio\1005328 01 Lista de piezas de recambio.pdf,2,
153,¿Qué norma eléctrica principal se menciona para el cuadro eléctrico de la BR 449_IP_MTPE_250-32?,factual,Standard IEC 61439-2,1005328 01 Plano eléctrico.pdf,Back Up HD CEFA\Celulas-Esac Grandes\CEL13-CELULA VAN.EA\Edge Folding Machine\1005328 MTPE Machine DAG BR 449\Español\05 Eléctrico\1005328 01 Plano eléctrico.pdf,17,
156,¿Qué regla se establece sobre el dimensionado del cable de conexión del sistema?,regla,Cable dimensioning of the connecting cable must be carried out by the operator of the system.,1005328 01 Plano eléctrico.pdf,Back Up HD CEFA\Celulas-Esac Grandes\CEL13-CELULA VAN.EA\Edge Folding Machine\1005328 MTPE Machine DAG BR 449\Español\05 Eléctrico\1005328 01 Plano eléctrico.pdf,17,
157,¿Cuál es el propósito del documento de capacitación relacionado con las instalaciones de 3CON?,factual,Diploma de capacitación para el uso de instalaciones + herramientas de 3CON,1005328 01 Diploma de capacitación.pdf,Back Up HD CEFA\Celulas-Esac Grandes\CEL13-CELULA VAN.EA\Edge Folding Machine\1005328 MTPE Machine DAG BR 449\Español\06 Formación\1005328 01 Diploma de capacitación.pdf,1,
158,¿Qué procedimiento administrativo se indica para documentar la formación recibida en el diploma?,procedimiento,(Lugar/fecha) Nombre Firma Instructor Participante 1 Participante 2 Participante 3 Participante 4 Participante 5 Participante 6 Participante 7 Participante 8 Participante 9 Participante 10,1005328 01 Diploma de capacitación.pdf,Back Up HD CEFA\Celulas-Esac Grandes\CEL13-CELULA VAN.EA\Edge Folding Machine\1005328 MTPE Machine DAG BR 449\Español\06 Formación\1005328 01 Diploma de capacitación.pdf,1,
160,¿Qué requisito de documentación se establece tras completar la formación?,regla,"Deben registrarse lugar/fecha, nombre y firma del instructor y de los participantes.",1005328 01 Diploma de capacitación.pdf,Back Up HD CEFA\Celulas-Esac Grandes\CEL13-CELULA VAN.EA\Edge Folding Machine\1005328 MTPE Machine DAG BR 449\Español\06 Formación\1005328 01 Diploma de capacitación.pdf,1,
161,¿Qué instrumento de medición se utilizó para las mediciones eléctricas del sistema BR 449_IP lower center cover+glove box_LHD_EDGE_TOOL_1+0_1+0?,factual,Messgerät: FLUKE 1654B,1005803 04 DGUV.pdf,Back Up HD CEFA\Celulas-Esac Grandes\CEL13-CELULA VAN.EA\Edge Folding Machine\1005803 Edge-folding tool DAG BR 449\Español\01 Seguridad\1005803 04 DGUV.pdf,3,
162,¿Qué valor máximo permitido se establece para la medición de baja resistencia del conductor de protección?,regla,"Messwerte in OHM < 0,10",1005803 04 DGUV.pdf,Back Up HD CEFA\Celulas-Esac Grandes\CEL13-CELULA VAN.EA\Edge Folding Machine\1005803 Edge-folding tool DAG BR 449\Español\01 Seguridad\1005803 04 DGUV.pdf,3,
163,¿Qué tensión de prueba se utiliza en la medición de aislamiento del sistema?,factual,Prüfspannung 500V,1005803 04 DGUV.pdf,Back Up HD CEFA\Celulas-Esac Grandes\CEL13-CELULA VAN.EA\Edge Folding Machine\1005803 Edge-folding tool DAG BR 449\Español\01 Seguridad\1005803 04 DGUV.pdf,5,
165,¿Qué tipo de cable y fabricante del conector se utilizan en la red Profinet del sistema BR 449_IP lower center cover+glove box_LHD_EDGE_TOOL_1+0_1+0?,factual,Kabelbezeichnung: lapp etherline ; Steckername: siemens,1005803 05 Profinet.pdf,Back Up HD CEFA\Celulas-Esac Grandes\CEL13-CELULA VAN.EA\Edge Folding Machine\1005803 Edge-folding tool DAG BR 449\Español\01 Seguridad\1005803 05 Profinet.pdf,1,
167,¿Qué estándar de cableado se utilizó en la red Profinet del sistema?,regla,Verdrahtung: T568B,1005803 05 Profinet.pdf,Back Up HD CEFA\Celulas-Esac Grandes\CEL13-CELULA VAN.EA\Edge Folding Machine\1005803 Edge-folding tool DAG BR 449\Español\01 Seguridad\1005803 05 Profinet.pdf,1,
169,¿Qué advertencia general debe cumplirse antes de realizar tareas de mantenimiento en la BR 449_IP lower center cover+glove box_LHD_EDGE_TOOL_1+0_1+0?,regla,"¡Antes de llevar a cabo ninguna tarea de mantenimiento, lea atentamente los datos de los puntos de mantenimiento!",1005803 01 Plan de mantenimiento.pdf,Back Up HD CEFA\Celulas-Esac Grandes\CEL13-CELULA VAN.EA\Edge Folding Machine\1005803 Edge-folding tool DAG BR 449\Español\03 Mantenimiento\1005803 01 Plan de mantenimiento.pdf,3,
170,¿Qué procedimiento debe seguirse para asegurar la instalación frente a la reconexión durante el mantenimiento?,procedimiento,Señalice y cierre la instalación antes de las tareas de reparación; coloque advertencia en el interruptor principal; interrumpa el circuito de seguridad; cierre y despresurice la conexión de aire comprimido.,1005803 01 Plan de mantenimiento.pdf,Back Up HD CEFA\Celulas-Esac Grandes\CEL13-CELULA VAN.EA\Edge Folding Machine\1005803 Edge-folding tool DAG BR 449\Español\03 Mantenimiento\1005803 01 Plan de mantenimiento.pdf,5,
172,¿Qué acción debe realizarse si falla la protección contra caídas durante las comprobaciones?,regla,"¡Si en las comprobaciones falla la protección contra caídas, debe detenerse de inmediato la instalación!",1005803 01 Plan de mantenimiento.pdf,Back Up HD CEFA\Celulas-Esac Grandes\CEL13-CELULA VAN.EA\Edge Folding Machine\1005803 Edge-folding tool DAG BR 449\Español\03 Mantenimiento\1005803 01 Plan de mantenimiento.pdf,14,
173,¿Cuál es el valor total del equipo indicado en la lista de repuestos de la BR 449_IP lower center cover+glove box_LHD_EDGE_TOOL_1+0_1+0?,factual,"Total Equipment value = 2.730.000,00 €",1005803 01 Lista de piezas de recambio.pdf,Back Up HD CEFA\Celulas-Esac Grandes\CEL13-CELULA VAN.EA\Edge Folding Machine\1005803 Edge-folding tool DAG BR 449\Español\04 Piezas de recambio\1005803 01 Lista de piezas de recambio.pdf,1,
176,¿Qué regla se establece sobre la validez de los precios en la lista de repuestos?,regla,Price validity: up to 3 months after issue,1005803 01 Lista de piezas de recambio.pdf,Back Up HD CEFA\Celulas-Esac Grandes\CEL13-CELULA VAN.EA\Edge Folding Machine\1005803 Edge-folding tool DAG BR 449\Español\04 Piezas de recambio\1005803 01 Lista de piezas de recambio.pdf,2,
177,¿Qué estándar eléctrico principal se menciona para el sistema BR 449_IP lower center cover+glove box_LHD_EDGE_TOOL_1+0_1+0?,factual,Standard IEC 61439-2,1005803 01 Plano eléctrico.pdf,Back Up HD CEFA\Celulas-Esac Grandes\CEL13-CELULA VAN.EA\Edge Folding Machine\1005803 Edge-folding tool DAG BR 449\Español\05 Eléctrico\1005803 01 Plano eléctrico.pdf,9,
180,¿Qué regla se establece sobre el dimensionado del cable de conexión del sistema?,regla,Cable dimensioning of the connecting cable must be carried out by the operator of the system.,1005803 01 Plano eléctrico.pdf,Back Up HD CEFA\Celulas-Esac Grandes\CEL13-CELULA VAN.EA\Edge Folding Machine\1005803 Edge-folding tool DAG BR 449\Español\05 Eléctrico\1005803 01 Plano eléctrico.pdf,9,
181,¿Cuál es el propósito del diploma de capacitación relacionado con las instalaciones de 3CON?,factual,Diploma de capacitación para el uso de instalaciones + herramientas de 3CON,1005803 01 Diploma de capacitación.pdf,Back Up HD CEFA\Celulas-Esac Grandes\CEL13-CELULA VAN.EA\Edge Folding Machine\1005803 Edge-folding tool DAG BR 449\Español\06 Formación\1005803 01 Diploma de capacitación.pdf,1,
182,¿Qué procedimiento administrativo debe completarse tras la formación según el diploma?,procedimiento,(Lugar/fecha) Nombre Firma Instructor Participante 1 Participante 2 Participante 3 Participante 4 Participante 5 Participante 6 Participante 7 Participante 8 Participante 9 Participante 10,1005803 01 Diploma de capacitación.pdf,Back Up HD CEFA\Celulas-Esac Grandes\CEL13-CELULA VAN.EA\Edge Folding Machine\1005803 Edge-folding tool DAG BR 449\Español\06 Formación\1005803 01 Diploma de capacitación.pdf,1,
184,¿Qué requisito de documentación se establece tras completar la formación?,regla,"Deben registrarse lugar/fecha, nombre y firma del instructor y de los participantes.",1005803 01 Diploma de capacitación.pdf,Back Up HD CEFA\Celulas-Esac Grandes\CEL13-CELULA VAN.EA\Edge Folding Machine\1005803 Edge-folding tool DAG BR 449\Español\06 Formación\1005803 01 Diploma de capacitación.pdf,1,
185,¿Qué advertencia general debe leerse antes de realizar cualquier tarea de mantenimiento en la instalación del proyecto 1005811?,regla,"¡Antes de llevar a cabo ninguna tarea de mantenimiento, lea atentamente los datos de los puntos de mantenimiento!",1005811 01 Plan de mantenimiento.pdf,Back Up HD CEFA\Celulas-Esac Grandes\CEL13-CELULA VAN.EA\IR Welding Machine\1005811 Welding tool DAG BR 449\Español\03 Mantenimiento\1005811 01 Plan de mantenimiento.pdf,3,
186,¿Qué procedimiento debe seguirse para asegurar la instalación frente a la reconexión durante el mantenimiento del proyecto 1005811?,procedimiento,Señalice y cierre la instalación; coloque advertencia en el interruptor principal; interrumpa el circuito de seguridad; cierre y despresurice la conexión de aire comprimido.,1005811 01 Plan de mantenimiento.pdf,Back Up HD CEFA\Celulas-Esac Grandes\CEL13-CELULA VAN.EA\IR Welding Machine\1005811 Welding tool DAG BR 449\Español\03 Mantenimiento\1005811 01 Plan de mantenimiento.pdf,5,
189,¿Cuál es el valor total del equipo indicado en la lista de repuestos del proyecto 1005811?,factual,"Total Equipment value = 2.730.000,00 €",1005811 01 Lista de piezas de recambio.pdf,Back Up HD CEFA\Celulas-Esac Grandes\CEL13-CELULA VAN.EA\IR Welding Machine\1005811 Welding tool DAG BR 449\Español\04 Piezas de recambio\1005811 01 Lista de piezas de recambio.pdf,1,
192,¿Qué regla se establece sobre la validez de los precios en la lista de repuestos?,regla,Price validity: up to 3 months after issue,1005811 01 Lista de piezas de recambio.pdf,Back Up HD CEFA\Celulas-Esac Grandes\CEL13-CELULA VAN.EA\IR Welding Machine\1005811 Welding tool DAG BR 449\Español\04 Piezas de recambio\1005811 01 Lista de piezas de recambio.pdf,2,
193,¿Qué estándar eléctrico principal se aplica al sistema del proyecto BR 449_glove box_LHD/RHD_WELD_TOOL_1+1?,factual,Standard IEC 61439-2,1005811 01 Plano eléctrico.pdf,Back Up HD CEFA\Celulas-Esac Grandes\CEL13-CELULA VAN.EA\IR Welding Machine\1005811 Welding tool DAG BR 449\Español\05 Eléctrico\1005811 01 Plano eléctrico.pdf,10,
196,¿Qué regla se establece sobre el dimensionado del cable de conexión del sistema?,regla,Cable dimensioning of the connecting cable must be carried out by the operator of the system.,1005811 01 Plano eléctrico.pdf,Back Up HD CEFA\Celulas-Esac Grandes\CEL13-CELULA VAN.EA\IR Welding Machine\1005811 Welding tool DAG BR 449\Español\05 Eléctrico\1005811 01 Plano eléctrico.pdf,10,
197,¿Cuál es el propósito del diploma de capacitación relacionado con las instalaciones de 3CON del proyecto 1005811?,factual,Diploma de capacitación para el uso de instalaciones + herramientas de 3CON,1005811 01 Diploma de capacitación.pdf,Back Up HD CEFA\Celulas-Esac Grandes\CEL13-CELULA VAN.EA\IR Welding Machine\1005811 Welding tool DAG BR 449\Español\06 Formación\1005811 01 Diploma de capacitación.pdf,1,
198,¿Qué procedimiento administrativo debe completarse tras la formación según el diploma?,procedimiento,(Lugar/fecha) Nombre Firma Instructor Participante 1 Participante 2 Participante 3 Participante 4 Participante 5 Participante 6 Participante 7 Participante 8 Participante 9 Participante 10,1005811 01 Diploma de capacitación.pdf,Back Up HD CEFA\Celulas-Esac Grandes\CEL13-CELULA VAN.EA\IR Welding Machine\1005811 Welding tool DAG BR 449\Español\06 Formación\1005811 01 Diploma de capacitación.pdf,1,
200,¿Qué requisito de documentación se establece tras completar la formación?,regla,"Deben registrarse lugar/fecha, nombre y firma del instructor y de los participantes.",1005811 01 Diploma de capacitación.pdf,Back Up HD CEFA\Celulas-Esac Grandes\CEL13-CELULA VAN.EA\IR Welding Machine\1005811 Welding tool DAG BR 449\Español\06 Formación\1005811 01 Diploma de capacitación.pdf,1,
201,¿Qué funciones muestra el resumen del control general del panel táctil de la instalación?,factual,Muestra los botones para el control de la instalación; muestra el menú de navegación; muestra los submenús del menú de navegación; muestra el estado del proceso de la instalación.,1005796 02 Panel táctil.pdf,Back Up HD CEFA\Celulas-Esac Grandes\CEL13-CELULA VAN.EA\Lamination Machine\1005796 MTP Machine DAG BR 449\Español\02 Manejo\1005796 02 Panel táctil.pdf,3,
202,¿Qué procedimiento debe seguirse para iniciar sesión de usuario y modificar parámetros en el panel táctil?,procedimiento,"Para ejecutar funciones manuales o modificar parámetros debe iniciarse sesión; para ello, su cuenta de usuario debe disponer de las habilitaciones necesarias.",1005796 02 Panel táctil.pdf,Back Up HD CEFA\Celulas-Esac Grandes\CEL13-CELULA VAN.EA\Lamination Machine\1005796 MTP Machine DAG BR 449\Español\02 Manejo\1005796 02 Panel táctil.pdf,5,
204,¿Qué advertencia se indica respecto a la desactivación de las unidades de vigilancia del sistema?,regla,Las funciones del sistema y los dispositivos de vigilancia deben desactivarse únicamente en casos absolutamente excepcionales.,1005796 02 Panel táctil.pdf,Back Up HD CEFA\Celulas-Esac Grandes\CEL13-CELULA VAN.EA\Lamination Machine\1005796 MTP Machine DAG BR 449\Español\02 Manejo\1005796 02 Panel táctil.pdf,16,
205,¿Cuál es el valor total del equipo indicado en la lista de repuestos del producto BR 449_IP_VAC+ESL_MTP_250-50_with vacuum kit?,factual,"Total Equipment value = 2.730.000,00 €",1005796 01 Lista de piezas de recambio.pdf,Back Up HD CEFA\Celulas-Esac Grandes\CEL13-CELULA VAN.EA\Lamination Machine\1005796 MTP Machine DAG BR 449\Español\04 Piezas de recambio\1005796 01 Lista de piezas de recambio.pdf,1,
208,¿Qué regla se establece sobre la validez de los precios en la lista de repuestos?,regla,Price validity: up to 3 months after issue,1005796 01 Lista de piezas de recambio.pdf,Back Up HD CEFA\Celulas-Esac Grandes\CEL13-CELULA VAN.EA\Lamination Machine\1005796 MTP Machine DAG BR 449\Español\04 Piezas de recambio\1005796 01 Lista de piezas de recambio.pdf,2,
