id,score,binary,question,ground_truth,pred_answer,status
2,0.5,1,¿Qué procedimiento debe seguirse para iniciar sesión de usuario en el Panel táctil 1005808 MTPE Machine DAG BR 449?,Se debe cambiar a la pantalla del sistema «Iniciar sesión de usuario» mediante el menú de navegación del panel táctil.,"Para iniciar sesión de usuario en el Panel táctil 1005808 MTPE Machine DAG BR 449, debe cambiar a la pantalla del sistema ""Iniciar sesión de usuario"" (Log in). Para ejecutar funciones manuales o modificar parámetros, debe iniciar sesión con una cuenta de usuario que tenga las habilitaciones necesarias.",OK
4,1.0,1,¿Qué función corresponde al bloque gráfico N.º 004 en el Panel táctil 1005808 MTPE Machine DAG BR 449?,"El bloque gráfico N.º 004 corresponde a “Refrigeración, termorregulación, aire caliente”.","El bloque gráfico N.º 004 corresponde a 'Refrigeración, termorregulación, aire caliente'.",OK
5,1.0,1,¿Quién es el fabricante del Panel táctil 1005806 Punching machine según la portada del manual?,"El fabricante es 3CON Anlagenbau GmbH, Kleinfeld 16, 6341 Ebbs / Austria.",El fabricante del Panel táctil 1005806 Punching machine según la portada del manual es 3CON Anlagenbau GmbH.,OK
7,0.5,1,¿Qué procedimiento debe cumplirse para utilizar el temporizador (bloque gráfico 003) en el Panel táctil 1005806 Punching machine?,"Para utilizar el temporizador, el equipo debe apagarse y confirmarse el conjunto de paradas de emergencia, además debe seleccionarse el tiempo de comienzo deseado (hora:minutos).","Para utilizar el temporizador (bloque gráfico 003) en el Panel táctil 1005806 Punching machine, se deben cumplir las siguientes condiciones y procedimientos: 1) El temporizador solo funciona si la tensión de control está encendida, la parada de emergencia está confirmada y la máquina está en modo manual. 2) Para utilizar el temporizador, el equipo debe apagarse y confirmarse el conjunto de paradas de emergencia. 3) Se debe seleccionar el tiempo de comienzo deseado (hora:minutos).",OK
8,1.0,1,¿Qué condición debe cumplirse para poder ejecutar el accionamiento manual de los actores (bloque gráfico 013) en el Panel táctil 1005806 Punching machine?,"Deben estar activados los dispositivos de seguridad, el modo de funcionamiento manual debe estar activado y el desbloqueo de los actuadores debe estar disponible.","Para ejecutar el accionamiento manual de los actores (bloque gráfico 013) en el Panel táctil 1005806 Punching machine, deben cumplirse las siguientes condiciones: los dispositivos de seguridad están activados, el modo de funcionamiento manual debe estar activado y el desbloqueo de los actuadores debe estar disponible.",OK
9,0.5,1,¿Qué normativa regula las mediciones realizadas en la MTPE Machine DAG BR 449 según el informe DGUV?,"Las mediciones se realizaron según la DGUV Vorschrift 3 y las normas DIN VDE 0413 Teil 4, DIN VDE 0100 Teil 600, DIN VDE 0100 Teil 610 y DIN VDE 0100-410.",Las mediciones realizadas en la MTPE Machine DAG BR 449 según el informe DGUV se regulan por la DGUV Vorschrift 3.,OK
10,0.0,0,¿Qué procedimiento de medición de aislamiento se aplica en la MTPE Machine DAG BR 449 y cuál es la tensión de prueba utilizada?,"Se realiza una medición de aislamiento con una tensión de prueba de 500V y se exige para Schutzklasse I >0,3MΩ (con elementos calefactores), >1MΩ (sin elementos calefactores) y >2MΩ para partes conductoras accesibles sin conexión SL.",La información solicitada sobre el procedimiento de medición de aislamiento y la tensión de prueba utilizada en la MTPE Machine DAG BR 449 no se encuentra en los documentos disponibles.,NOT_FOUND_IN_DOCS
12,0.0,0,¿Qué condición debe cumplirse para que la medición FI en la MTPE Machine DAG BR 449 sea conforme?,El interruptor FI debe disparar con un tiempo de disparo aproximado de 40 ms y con una corriente de disparo inferior a 30 mA.,La condición para que la medición FI en la MTPE Machine DAG BR 449 sea conforme no se encuentra especificada en los documentos proporcionados.,NOT_FOUND_IN_DOCS
13,1.0,1,¿Qué advertencia general debe cumplirse antes de realizar cualquier tarea de mantenimiento en la MTPE Machine DAG BR 449?,"Antes de llevar a cabo ninguna tarea de mantenimiento, deben leerse atentamente los datos de los puntos de mantenimiento.","Antes de realizar cualquier tarea de mantenimiento, se debe leer atentamente los datos de los puntos de mantenimiento.",OK
14,0.5,1,¿Qué procedimiento debe seguirse para asegurar la instalación frente a una reconexión durante tareas de mantenimiento en la MTPE Machine DAG BR 449?,"Debe señalizarse y cerrarse la instalación con avisos de mantenimiento, colocar advertencia en el interruptor principal, interrumpir el circuito de seguridad y asegurarlo frente a un cierre, además de cerrar y despresurizar la conexión de aire comprimido.","Para asegurar la instalación frente a una reconexión durante tareas de mantenimiento, se deben seguir estos pasos: 1) Señalizar y cerrar la instalación antes de las tareas de reparación con un cartel que diga «¡La instalación se encuentra en mantenimiento!» / «¡Entrada prohibida a personal no autorizado!». 2) Colocar una advertencia en el interruptor principal. 3) Interrumpir y asegurar el circuito de seguridad frente a un cierre.",OK
16,0.0,0,¿Qué requisito debe cumplirse al limpiar el panel táctil de la MTPE Machine DAG BR 449?,Debe utilizarse la función «arrancar pantalla de limpieza» en los ajustes de sistema del panel táctil antes de realizar la limpieza.,"Al limpiar el panel táctil, se debe activar el limpia pantallas pulsando el botón durante 30 segundos.",OK
17,1.0,1,¿Cuál es el valor total del equipo indicado en la lista de piezas de recambio de la MTPE Machine DAG BR 449?,"El valor total del equipo es 2.730.000,00 €.","El valor total del equipo indicado en la lista de piezas de recambio de la MTPE Machine DAG BR 449 es 2.730.000,00 €.",OK
19,0.0,0,¿Qué procedimiento administrativo se indica respecto a la validez de precios en la lista de recambios de la MTPE Machine DAG BR 449?,La validez del precio es de hasta 3 meses después de la emisión.,Los documentos disponibles no contienen información sobre el procedimiento administrativo respecto a la validez de precios en la lista de recambios de la MTPE Machine DAG BR 449.,NOT_FOUND_IN_DOCS
20,1.0,1,¿Qué precio unitario tiene la CPU SIMATIC S7-1500F (6ES7517-3FP00-0AB0) en la MTPE Machine DAG BR 449?,"El precio unitario recomendado es 7.017,82 €.","El precio unitario de la CPU SIMATIC S7-1500F (6ES7517-3FP00-0AB0) en la MTPE Machine DAG BR 449 es 7.017,82 €.",OK
22,0.5,1,¿Qué procedimiento de medición de aislamiento se aplica en la BR 449_IP_VAC+ESL_MTP_250-50_with vacuum kit y cuál es la tensión de prueba utilizada?,"Se realiza una medición de aislamiento con una tensión de prueba de 500 V, con valores mínimos exigidos según la clase de protección (Schutzklasse I >0,3MΩ con elementos calefactores, >1MΩ sin elementos calefactores, >2MΩ para partes conductoras accesibles sin conexión SL, Schutzklasse II >2,0MΩ).",En la BR 449_IP_VAC+ESL_MTP_250-50_with vacuum kit se aplica el procedimiento de medición de aislamiento (Isolationsmessung) con una tensión de prueba de 500 V.,OK
24,1.0,1,¿Qué condición debe cumplirse para que el interruptor diferencial (RCD) sea conforme en la BR 449_IP_VAC+ESL_MTP_250-50_with vacuum kit?,El interruptor FI debe disparar con un tiempo aproximado de 40 ms y con una corriente de disparo inferior a 30 mA.,"Para que el interruptor diferencial (RCD) sea conforme en la BR 449_IP_VAC+ESL_MTP_250-50_with vacuum kit, debe cumplir con los siguientes criterios de medición: el FI-Auslösezeit (tiempo de disparo) debe ser aproximadamente 40 ms y el FI-Auslösestrom (corriente de disparo) debe ser menor de 30 mA. En las mediciones realizadas, los valores registrados para varios dispositivos cumplen con estas condiciones, mostrando tiempos de disparo alrededor de 32-33 ms y corrientes de disparo entre 12 y 24 mA.",OK
26,0.5,1,¿Qué procedimiento de medición de aislamiento se aplica en la BR 449_IP lower center cover+Glove box_LHD_VAC_TOOL_1+0_1+0 y cuál es la tensión de prueba utilizada?,"Isolationsmessung: Prüfspannung 500V, Schutzklasse I – > 0,3MΩ (mit Heizelementen), Schutzklasse I – > 1MΩ (ohne Heizelementen), > 2MΩ (berührbare, leitfähige Teile ohne SL-Anschluss), Schutzklasse II >2,0MΩ.","En la BR 449_IP lower center cover+Glove box_LHD_VAC_TOOL_1+0_1+0 se aplica el procedimiento de medición de aislamiento (Isolationsmessung) con una tensión de prueba de 500 V. En las mediciones específicas registradas, la tensión de prueba aplicada fue de 521 V.",OK
27,1.0,1,¿Qué valor máximo permitido se indica para la medición de baja resistencia (protective conductor continuity) en la BR 449_IP lower center cover+Glove box_LHD_VAC_TOOL_1+0_1+0?,"Los valores medidos deben ser < 0,10 OHM.","El valor máximo permitido para la medición de baja resistencia (protective conductor continuity) en la BR 449_IP lower center cover+Glove box_LHD_VAC_TOOL_1+0_1+0 es < 0,10 ohmios.",OK
28,0.5,1,¿Qué instrumento de medición se utilizó para la prueba de red industrial (Profinet) en la BR 449_IP lower center cover+Glove box_LHD_VAC_TOOL_1+0_1+0?,Se utilizó el equipo de medición WIREEXPERT 4500.,"Para la prueba de red industrial (Profinet) en la BR 449_IP lower center cover+Glove box_LHD_VAC_TOOL_1+0_1+0 se utilizó el instrumento de medición WIREEXPERT 4500, con número de serie 462.",OK
29,1.0,1,¿Qué tipo de cable y fabricante se utilizaron en la conexión Profinet de la BR 449_IP lower center cover+Glove box_LHD_VAC_TOOL_1+0_1+0?,Kabelbezeichnung: lapp etherline 2170894; Steckername: siemens.,En la conexión Profinet de la BR 449_IP lower center cover+Glove box_LHD_VAC_TOOL_1+0_1+0 se utilizó cable lapp etherline y conectores siemens.,OK
31,0.0,0,¿Qué procedimiento de verificación se realizó para la certificación de la red Profinet en la BR 449_IP lower center cover+Glove box_LHD_VAC_TOOL_1+0_1+0?,"Se realizó un Zertifizierungsbericht de Kupfer-Verkabelung con pruebas de Verdrahtung, Einfügedämpfung, Rückflussdämpfung, NEXT, ACR-F y ACR-N, todas con resultado “Bestanden”.",Para la certificación de la red Profinet en la BR 449_IP lower center cover+Glove box_LHD_VAC_TOOL_1+0_1+0 se realizó una medición de Profinet (Profinetmessung) con el equipo WIREEXPERT 4500 (número 462) el 18.10.2024. Los resultados detallados de la medición se encuentran en el protocolo correspondiente.,OK
32,1.0,1,¿Qué estándar de cableado se utilizó en la conexión Profinet de la BR 449_IP lower center cover+Glove box_LHD_VAC_TOOL_1+0_1+0?,Verdrahtung: T568B.,El estándar de cableado utilizado en la conexión Profinet de la BR 449_IP lower center cover+Glove box_LHD_VAC_TOOL_1+0_1+0 es T568B.,OK
33,1.0,1,¿Qué advertencia general debe cumplirse antes de realizar cualquier tarea de mantenimiento en la BR 449_IP lower center cover+Glove box_LHD_VAC_TOOL_1+0_1+0?,"¡Antes de llevar a cabo ninguna tarea de mantenimiento, lea atentamente los datos de los puntos de mantenimiento!","Antes de realizar cualquier tarea de mantenimiento, se debe leer atentamente los datos de los puntos de mantenimiento.",OK
34,0.5,1,¿Qué procedimiento debe seguirse para asegurar la instalación frente a una reconexión durante tareas de mantenimiento en la BR 449_IP lower center cover+Glove box_LHD_VAC_TOOL_1+0_1+0?,Señalice y cierre la instalación antes de las tareas de reparación («¡La instalación se encuentra en mantenimiento!» / «¡Entrada prohibida a personal no autorizado!»); coloque una advertencia en el interruptor principal; interrumpa el circuito de seguridad y asegúrelo frente a un cierre; cierre y despresurice la conexión de aire comprimido.,"Para asegurar la instalación frente a una reconexión durante tareas de mantenimiento, se deben seguir estos pasos: 1) Señalizar y cerrar la instalación antes de las tareas de reparación con carteles que indiquen '¡La instalación se encuentra en mantenimiento!' y '¡Entrada prohibida a personal no autorizado!'. 2) Colocar una advertencia en el interruptor principal. 3) Interrumpir y asegurar el circuito de seguridad frente a un cierre.",OK
37,1.0,1,¿Cuál es el valor total del equipo indicado en la lista de piezas de recambio de la BR 449_IP lower center cover+Glove box_LHD_VAC_TOOL_1+0_1+0?,"Total Equipment value = 2.730.000,00 €","El valor total del equipo indicado en la lista de piezas de recambio para la BR 449_IP lower center cover+Glove box_LHD_VAC_TOOL_1+0_1+0 es 2.730.000,00 €.",OK
40,1.0,1,¿Qué condición se establece respecto a la validez de los precios en la lista de piezas de recambio de la BR 449_IP lower center cover+Glove box_LHD_VAC_TOOL_1+0_1+0?,Price validity: up to 3 months after issue,"En la lista de piezas de recambio de la BR 449_IP lower center cover+Glove box_LHD_VAC_TOOL_1+0_1+0, la validez de los precios se establece como ""hasta 3 meses después de la emisión"" (Price validity: up to 3 months after issue).",OK
42,1.0,1,¿Qué valor máximo permitido se indica para la medición de continuidad del conductor de protección en la BR 449_IP top pad_LHD/RHD_ITG_TOOL_1_1?,Messwerte in OHM: < 0.10,El valor máximo permitido para la medición de continuidad del conductor de protección en la BR 449_IP top pad_LHD/RHD_ITG_TOOL_1_1 es < 0.10 ohmios.,OK
43,0.5,1,¿Qué tensión de prueba se utiliza en la medición de aislamiento de la BR 449_IP top pad_LHD/RHD_ITG_TOOL_1_1?,Prüfspannung 500V,"La tensión de prueba utilizada en la medición de aislamiento de la BR 449_IP top pad_LHD/RHD_ITG_TOOL_1_1 es de 500 V, según se especifica en el encabezado de la sección de Isolationsmessung. Además, en la tabla de mediciones detalladas, la columna 'Prüfspannung in Volt' muestra valores de 527 V para cada punto medido.",OK
44,1.0,1,¿Qué instrumento de medición se utilizó para la prueba de red industrial en la BR 449_IP top pad_LHD/RHD_ITG_TOOL_1_1?,Messgerät: WIREEXPERT 4500,Para la prueba de red industrial (Profinetmessung) en la BR 449_IP top pad_LHD/RHD_ITG_TOOL_1_1 se utilizó el instrumento de medición WIREEXPERT 4500.,OK
46,1.0,1,¿Qué estándar de cableado se utilizó en la conexión Profinet de la BR 449_IP top pad_LHD/RHD_ITG_TOOL_1_1?,Verdrahtung: T568B,En la conexión Profinet de la BR 449_IP top pad_LHD/RHD_ITG_TOOL_1_1 se utilizó el estándar de cableado T568B.,OK
47,1.0,1,¿Qué tipo de cable y fabricante del conector se emplearon en la red Profinet de la BR 449_IP top pad_LHD/RHD_ITG_TOOL_1_1?,Kabelbezeichnung: lapp etherline 2170894; Steckername: siemens,En la red Profinet de la BR 449_IP top pad_LHD/RHD_ITG_TOOL_1_1 se empleó cable lapp etherline y conectores del fabricante siemens.,OK
49,1.0,1,¿Qué advertencia general debe cumplirse antes de realizar cualquier tarea de mantenimiento en la BR 449_IP top pad_LHD/RHD_ITG_TOOL_1_1?,"¡Antes de llevar a cabo ninguna tarea de mantenimiento, lea atentamente los datos de los puntos de mantenimiento!","Antes de realizar cualquier tarea de mantenimiento, se debe leer atentamente los datos de los puntos de mantenimiento.",OK
52,0.5,1,¿Qué procedimiento debe seguirse para la lubricación del casquillo guía (04.07.002) en la BR 449_IP top pad_LHD/RHD_ITG_TOOL_1_1?,"Lubricación del casquillo guía a mano por medio de una brocha o una boquilla de engrase y una pistola engrasadora. Antes de la utilización de una pistola de engrase, deben limpiarse de forma exhaustiva tanto la pistola de engrase como los puntos de lubricación","El procedimiento para la lubricación del casquillo guía (04.07.002) es: realizar la lubricación a mano por medio de una brocha o una boquilla de engrase y una pistola engrasadora. Antes de usar la pistola de engrase, se deben limpiar exhaustivamente tanto la pistola como los puntos de lubricación. Se debe utilizar lubricante multiusos Permatec SF 04. Esta actividad se realiza con un intervalo de 1 vez al mes o después de 700 horas de servicio.",OK
53,1.0,1,¿Cuál es el valor total del equipo indicado en la lista de piezas de recambio de la BR 449_IP top pad_LHD/RHD_ITG_TOOL_1_1?,"Total Equipment value = 2.730.000,00 €","El valor total del equipo indicado en la lista de piezas de recambio de la BR 449_IP top pad_LHD/RHD_ITG_TOOL_1_1 es 2.730.000,00 €.",OK
56,1.0,1,¿Qué condición se establece respecto a la validez de los precios en la lista de piezas de recambio de la BR 449_IP top pad_LHD/RHD_ITG_TOOL_1_1?,Price validity: up to 3 months after issue,"En la lista de piezas de recambio de la BR 449_IP top pad_LHD/RHD_ITG_TOOL_1_1, la validez de los precios se establece como ""hasta 3 meses después de la emisión"" (Price validity: up to 3 months after issue).",OK
57,1.0,1,¿Cuál es la tensión nominal y la frecuencia eléctrica del armario de control documentado por FERRO Technik GmbH?,Rated voltage: 3x400V+N+PE TN-S ; Frequency: 50HZ,La tensión nominal del armario de control documentado por FERRO Technik GmbH es 3x400V+N+PE TN-S y la frecuencia eléctrica es 50HZ.,OK
58,0.75,1,¿Qué clase de protección y qué potencia nominal tiene el armario de control del proyecto Small control cabinet?,"Prot. class: IP 54 ; Rated power / rated current: 9,5kW / 25A","El armario de control del proyecto Small control cabinet tiene una clase de protección IP 54 y una potencia nominal de 9,5 kW.",OK
59,1.0,1,¿Qué procedimiento de señalización utiliza la interfaz D-Sub para indicar el estado “In operation”?,Outputsignal for operation of converters: High 24VDC: Converter 1+2 in operation ; Low 0VDC: converter 1+2 standby,"La interfaz D-Sub utiliza el pin 2, denominado ""In operation signal"", para indicar el estado ""In operation"". El procedimiento de señalización consiste en un nivel alto de 24VDC en ese pin para indicar que los convertidores 1 y 2 están en operación, y un nivel bajo de 0VDC para indicar que están en espera.",OK
61,0.5,1,¿Cuál es el uso previsto de la SP3000 máquina láser Trotec?,"La máquina descrita en este manual está concebida exclusivamente para el corte, gravado y marcado láser de no-metal y material de acuerdo con el uso previsto de la máquina utilizando el software suministrado.","El uso previsto de la SP3000 máquina láser Trotec es el corte y grabado de materiales plásticos y otros materiales específicos, como se detalla en la tabla de materiales compatibles.",OK
62,0.5,1,¿Qué procedimiento debe seguir el operador en caso de incendio durante el uso de la SP3000 máquina láser Trotec?,En caso de incendio: Utilice solo extintor de incendios de CO2 para apagar el fuego en la medida en que sea posible sin dañarse usted a usted mismo.,"En caso de incendio durante el uso de la SP3000, el operador debe: 1) Abrir la tapa superior acrílica para detener el proceso de trabajo o presionar el botón de parada de emergencia si está disponible, y desconectar el dispositivo láser. 2) Si procede, desconectar la máquina de los cables de alimentación. 3) Utilizar solo un extintor de incendios de CO₂ para apagar el fuego, en la medida en que sea posible sin dañarse a sí mismo. 4) Informar al experto técnico en protección láser y al supervisor. 5) Seguir las instrucciones de manejo. El trabajo de reparación solo debe correr a cargo de técnicos de servicio de Trotec.",OK
64,1.0,1,¿Qué clase de láser tiene la SP3000 máquina láser Trotec durante el funcionamiento normal?,SP3000 máquina láser Clase 2 (EE.UU.: clase II) en el área de trabajo y en el rango de manejo,La SP3000 máquina láser Trotec tiene una clasificación de láser Clase 2 (EE.UU.: clase II) en el área de trabajo y en el rango de manejo durante el funcionamiento normal.,OK
65,0.5,1,¿Qué tipo de alimentación eléctrica recibe la SP3000 máquina láser Trotec según el esquema AC-Supply?,Einspeisung: 3x 400V AC +N +PE 50/60Hz,"Según el esquema AC-Supply, la SP3000 máquina láser Trotec recibe una alimentación eléctrica de 3x400V / 50Hz, con un sistema TN-S y un fusible de entrada máximo de 25A.",OK
66,0.0,0,¿Qué procedimiento de seguridad está conectado al módulo de interlock en la electrónica de alimentación DC de la SP3000 máquina láser Trotec?,INTERLOCK – PNOZ S7 24VDC PILZ.750 107,El procedimiento de seguridad conectado al módulo de interlock en la electrónica de alimentación DC de la SP3000 máquina láser Trotec es el paro de emergencia (EMG_STP1 y EMG_STP2).,OK
67,1.0,1,¿Qué interfaz de comunicación se utiliza para la conexión de red del láser Synrad i401 en la SP3000 máquina láser Trotec?,RJ-45 ( J8 ) LAN-Interface,La interfaz de comunicación utilizada para la conexión de red del láser Synrad i401 en la máquina láser Trotec SP3000 es una interfaz LAN RJ-45.,OK
68,0.5,1,¿Qué regla define la señal Laser-Active-out en la fuente láser Synrad i401 de la SP3000 máquina láser Trotec?,Laser-Active-out,La señal Laser-Active-out en la fuente láser Synrad i401 de la SP3000 se define como una señal de salida auxiliar que indica que el láser está activo.,OK
71,0.75,1,¿Qué procedimiento de medición de aislamiento se aplica y cuál es la tensión de prueba utilizada en la SE210 Glovebox WELD MTP 180-32 TT?,"Isolationsmessung Prüfspannung 500V Schutzklasse I – > 0,3MΩ (mit Heizelementen) Schutzklasse I – > 1MΩ (ohne Heizelementen) > 2MΩ Schutzklasse II >2,0MΩ",El procedimiento de medición de aislamiento aplicado es una 'Isolationsmessung' (medición de aislamiento) con una tensión de prueba de 500 V.,OK
72,0.0,0,¿Qué condición debe cumplirse para la medición del interruptor diferencial (RCD) en la SE210 Glovebox WELD MTP 180-32 TT?,FI Messung Auslösezeit ~40ms Auslösestrom <30mA,La condición para la medición del interruptor diferencial (RCD) en la SE210 Glovebox WELD MTP 180-32 TT no se encuentra en los documentos disponibles.,NOT_FOUND_IN_DOCS
73,1.0,1,¿Qué advertencia general debe cumplirse antes de realizar cualquier tarea de mantenimiento en la SE210 Glovebox WELD MTP 180-32 TT?,"¡Antes de llevar a cabo ninguna tarea de mantenimiento, lea atentamente los datos de los puntos de mantenimiento!","Antes de realizar cualquier tarea de mantenimiento en la SE210 Glovebox WELD MTP 180-32 TT, se debe leer atentamente los datos de los puntos de mantenimiento.",OK
74,0.0,0,¿Qué procedimiento debe seguirse para evitar la reconexión accidental durante el mantenimiento de la SE210 Glovebox WELD MTP 180-32 TT?,Señalice y cierre la instalación; coloque advertencia en el interruptor principal; interrumpa el circuito de seguridad y asegúrelo frente a un cierre; cierre y despresurice la conexión de aire comprimido.,La información solicitada sobre el procedimiento para evitar la reconexión accidental durante el mantenimiento de la SE210 Glovebox WELD MTP 180-32 TT no se encuentra en los documentos disponibles.,NOT_FOUND_IN_DOCS
77,1.0,1,¿Cuál es el valor total del equipo indicado en la lista de piezas de recambio de la SE210 Glovebox WELD MTP 180-32 TT?,"Total Equipment value = 2.730.000,00 €","El valor total del equipo indicado en la lista de piezas de recambio de la SE210 Glovebox WELD MTP 180-32 TT es 2.730.000,00 €.",OK
80,1.0,1,¿Qué regla se establece sobre la validez de los precios en la lista de repuestos de la SE210 Glovebox WELD MTP 180-32 TT?,Price validity: up to 3 months after issue,La regla establecida sobre la validez de los precios en la lista de repuestos es que la validez de los precios es de hasta 3 meses después de la emisión del documento.,OK
81,1.0,1,¿Cuál es el número de proyecto asociado a los datos de sonotrodos del producto Steering Column Upper Cover VAN E.A?,Project-No.: 100.096.01,El número de proyecto asociado a los datos de sonotrodos del producto Steering Column Upper Cover VAN E.A es 100.096.01.,OK
85,0.5,1,¿Qué instrumento de medición se utilizó para el protocolo de ruido del proyecto Steering Column Mercedes Van EA?,"Instrumento de medición: Norsonic AS, Tipo: NOR 131, Número de serie: 1313879","Para el protocolo de ruido del proyecto Steering Column Mercedes Van EA se utilizó el instrumento de medición Norsonic AS C, tipo NOR 131 Ti.",OK
86,1.0,1,¿Cuál fue el tiempo de ciclo de máquina utilizado durante las mediciones de ruido del proyecto Steering Column Mercedes Van EA?,Tiempo de ciclo máquina de un ciclo: 12 segundos,El tiempo de ciclo de máquina utilizado durante las mediciones de ruido del proyecto Steering Column Mercedes Van EA fue de 12 segundos por ciclo.,OK
88,0.0,0,¿Es necesario el adhesivo de protección auditiva según el protocolo de ruido del proyecto Steering Column Mercedes Van EA?,Necesario adhesivo protección auditiva: no,"Sí, según el protocolo de ruido del proyecto Steering Column Mercedes Van EA, es necesario el adhesivo de protección auditiva.",OK
89,1.0,1,¿Cuál es el valor medio general obtenido en la revisión de capacidad de la máquina del proyecto Steering Column Mercedes VAN EA?,"Valor medio general: µ = Xq/q 4,997","El valor medio general obtenido en la revisión de capacidad de la máquina del proyecto Steering Column Mercedes VAN EA es µ = 4,997.",OK
91,1.0,1,¿Qué instrumento de medición se utilizó en la revisión de capacidad de la máquina del proyecto Steering Column Mercedes VAN EA?,Medio de medición: Digimatic Mini-Prozessor,En la revisión de capacidad de la máquina del proyecto Steering Column Mercedes VAN EA se utilizó el instrumento de medición 'Digimatic Mini-Prozessor'.,OK
92,0.5,1,¿Qué criterio de capacidad de calidad nominal debe cumplirse según el informe?,Cifras de capacidad de calidad nominal Cmk > 1.33,"Según el informe, el criterio de capacidad de calidad nominal que debe cumplirse es C > 1.33.",OK
93,1.0,1,¿Cuál es el objetivo del control general regular de la puerta corredera?,Determinación de la función correcta del completo sistema de seguridad.,El objetivo del control general regular de la puerta corredera es la determinación de la función correcta del completo sistema de seguridad.,OK
94,0.5,1,¿Qué procedimiento debe seguirse para comprobar el funcionamiento de las barras de conmutación en la puerta corredera?,Activando las barras de control es necesario que se active un movimiento de inversión inmediato de la puerta corredera.,"Para comprobar el funcionamiento de las barras de conmutación en la puerta corredera, se debe seguir el procedimiento descrito en la secuencia de control diario: primero, controlar si hay algún daño exterior en las barras de conmutación. Luego, controlar el funcionamiento correcto de las barras de conmutación con el cuerpo de control; al activar las barras de control es necesario que se active un movimiento de inversión inmediato de la puerta corredera.",OK
95,1.0,1,¿Con qué frecuencia se requiere el control del sistema según la norma ASR A1.7 en Alemania?,Según la norma ASR A1.7 se requiere en Alemania un control anual.,Según la norma ASR A1.7 se requiere en Alemania un control anual.,OK
96,1.0,1,¿Qué acción debe realizarse si se detecta un error durante la prueba del sistema de la puerta corredera?,"En caso de suceder algún error durante la prueba, no seguir usando la instalación.","Si se detecta un error durante la prueba del sistema de la puerta corredera, no se debe seguir usando la instalación.",OK
97,1.0,1,¿Cuál es el objetivo del control general regular del portal corredero?,Determinación de la función correcta del completo sistema de seguridad.,El objetivo del control general regular del portal corredero es la determinación de la función correcta del completo sistema de seguridad.,OK
98,1.0,1,¿Qué procedimiento debe seguirse para comprobar la barrera fotoeléctrica del portal corredero?,Controlar el funcionamiento de la barrera fotoeléctrica. (en caso de existir),"Para comprobar la barrera fotoeléctrica del portal corredero, se debe controlar su funcionamiento como parte de la secuencia de control diario.",OK
99,1.0,1,¿Qué norma establece la periodicidad del control del sistema del portal corredero en Alemania?,Según la norma ASR A1.7 se requiere en Alemania un control anual.,"La norma que establece la periodicidad del control del sistema del portal corredero en Alemania es la ASR A1.7, la cual requiere un control anual.",OK
100,0.25,0,¿Qué acción debe realizarse si se detecta un funcionamiento inseguro del sistema?,Con un funcionamiento inseguro del sistema de seguridad es necesario detener la instalación inmediatamente y realizar un control de seguridad completo según el manual de instrucciones y de conexiones.,"Si se detecta un funcionamiento inseguro del sistema, se debe pulsar el pulsador de parada de emergencia.",OK
101,1.0,1,¿Cuál es el objetivo del control diario de la cortina fotoeléctrica?,Determinación de la función correcta de la barrera fotoeléctrica. Control del campo de protección.,El objetivo del control diario de la cortina fotoeléctrica es la determinación de la función correcta de la barrera fotoeléctrica y el control del campo de protección.,OK
102,0.75,1,¿Qué procedimiento debe seguirse para comprobar los haces de luz durante la prueba de la cortina fotoeléctrica?,"Cubrir cuidadosamente cada haz de luz con un cuerpo de prueba que no permita pasar la luz (mín 30mm de diámetro) delante del emisor, entre emisor y receptor, delante del receptor y antes/después de los espejos de refracción.","Para comprobar los haces de luz durante la prueba de la cortina fotoeléctrica, se debe cubrir cuidadosamente cada haz de luz con un cuerpo de prueba opaco (mínimo 30 mm de diámetro) en las siguientes posiciones: directamente delante del emisor, entre el emisor y el receptor (o los espejos de refracción), directamente delante del receptor, y al utilizar espejos de refracción, directamente antes y después del espejo. Antes de tapar cada rayo, se debe controlar que en el aparato evaluador de seguridad reluce el LED verde con el bloqueo de reinicio desactivado y el LED amarillo con el bloqueo de reinicio activado.",OK
104,0.0,0,¿Qué acción debe realizarse si ocurre un error durante la prueba del sistema?,"En caso de suceder algún error durante la prueba, no seguir usando la instalación.","Si ocurre un error durante la prueba del sistema, se debe comprobar siempre los mensajes de error.",OK
105,1.0,1,¿Cuál es el objetivo del control diario del escáner láser?,Determinación de la función correcta de la escáner láser. Control de los campos de protección.,El objetivo del control diario del escáner láser es determinar la función correcta del escáner láser y controlar los campos de protección.,OK
106,0.75,1,¿Qué procedimiento debe realizarse para verificar la función de protección del escáner láser durante el funcionamiento de la instalación?,Intervenir a propósito en el campo de protección seleccionado durante el funcionamiento de la instalación para controlar la función de protección para la instalación completa. Los avisadores luminosos del escáner láser deben cambiar de verde a rojo y el movimiento que genera peligro debe detenerse inmediatamente.,"Para verificar la función de protección del escáner láser durante el funcionamiento de la instalación, se debe intervenir intencionalmente en el campo de protección seleccionado mientras la instalación está en funcionamiento. Durante esta intervención, los avisadores luminosos del escáner láser deben cambiar de verde a rojo y el movimiento peligroso de la máquina o instalación debe detenerse inmediatamente. Si el escáner láser cambia mediante EFI los OSSDs de otro aparato, los avisadores luminosos en ese aparato también deben cambiar de verde a rojo y el movimiento peligroso debe detenerse.",OK
108,1.0,1,¿Qué acción debe realizarse si ocurre un error durante la prueba del escáner láser?,"En caso de suceder algún error durante la prueba, no seguir usando la instalación.","Si ocurre un error durante la prueba del escáner láser, no se debe seguir usando la instalación.",OK
109,1.0,1,¿Cuál es el objetivo del control de medición del nivel de presión sonora en la zona de ingreso?,Determinar el nivel de presión sonora de una máquina durante el funcionamiento.,El objetivo del control de medición del nivel de presión sonora en la zona de ingreso es determinar el nivel de presión sonora de una máquina durante el funcionamiento.,OK
110,0.75,1,¿Qué procedimiento debe seguirse para realizar la medición del nivel de presión sonora?,"Conectar la máquina y activar el ciclo automático (3 ciclos), montar el dispositivo delante del lugar de entrada, conectar el dispositivo, iniciar la medición junto con la máquina, repetir la medición con 2 ciclos adicionales y guardar los resultados.","El procedimiento para realizar la medición del nivel de presión sonora es el siguiente: 1. Conectar la máquina a controlar y activar el ciclo automático (3 ciclos). 2. Montar el dispositivo de medición delante del lugar de entrada de la máquina. 3. Enchufar y conectar el dispositivo de medición. 4. Iniciar simultáneamente la medición junto con la máquina a medir (ciclo automático). 5. Repetir la medición con 2 ciclos automáticos adicionales. 6. Guardar los resultados de la medición y evaluarlos. Además, la medición debe ser realizada por una persona preparada y habilitada, utilizando un dispositivo de medición habilitado, tarado y calibrado, y se deben realizar 3 mediciones.",OK
112,1.0,1,¿Qué límite máximo de nivel de presión sonora no debe superarse tras la evaluación de resultados?,El nivel de presión sonora registrado no debe exceder el valor de 80dB.,"Tras la evaluación correcta de los resultados de prueba, el nivel de presión sonora registrado no debe exceder el valor de 80 dB.",OK
113,0.5,1,¿Cuál es la responsabilidad principal del operario para garantizar la seguridad durante el funcionamiento de la máquina ECOFLEX iSONIC?,"El explotador debe planificar las medidas de seguridad, garantizar el uso conforme, controlar los dispositivos de seguridad, proporcionar EPI, mantener las instrucciones disponibles y permitir solo personal cualificado.","La responsabilidad principal del operario para garantizar la seguridad durante el funcionamiento de la máquina ECOFLEX iSONIC es cumplir con su deber de cuidado, que incluye planificar y controlar la aplicación de todas las medidas de seguridad requeridas. Específicamente, el operario debe garantizar que la máquina se utilice conforme a su uso previsto, que se ponga en servicio en perfecto estado operacional, que se controle regularmente el funcionamiento de los dispositivos de seguridad, que el personal lleve puestos los equipos de protección necesarios, y que solo personal cualificado y autorizado realice los trabajos.",PARTIALLY_SUPPORTED
114,0.0,0,¿Qué procedimiento debe seguirse para liberar la parada de emergencia de la máquina ECOFLEX iSONIC?,"Desbloquear el conmutador de parada de emergencia, accionar la tecla luminosa “acuse de perturbación” y accionar la tecla luminosa “arranque de la posición inicial de la máquina” hasta alcanzar la posición inicial.","Para liberar la parada de emergencia de la máquina ECOFLEX iSONIC, se debe confirmar (acknowledge) la parada de emergencia. Esto se indica en el contexto del temporizador, donde se especifica que el temporizador solo funciona si hay tensión de control, la parada de emergencia está confirmada y la máquina está en modo manual.",OK
116,0.5,1,¿Qué regla debe cumplirse respecto al personal con marcapasos al trabajar con la máquina?,Está prohibido que personas con marcapasos o desfibrilador trabajen o permanezcan en la máquina.,Personas con problemas de corazón no pueden trabajar en la máquina.,OK
119,1.0,1,¿Qué capacidad tiene el depósito de aire comprimido incluido en los recambios del producto Steering Column Upper Cover VAN E.A?,Depósito de aire comprimido de 20 L,El depósito de aire comprimido incluido en los recambios del producto Steering Column Upper Cover VAN E.A tiene una capacidad de 20 L.,OK
121,0.0,0,¿Cuál es el uso destinado de la pistola de soldadura manual DNP-35?,La pistola de soldadura manual de ultrasonidos ha sido desarrollada únicamente para realizar trabajos de soldadura por ultrasonidos de materiales termoplásticos que se fusionan bajo altas temperaturas y presión.,"El uso destinado de la pistola de soldadura manual DNP-35 no se especifica explícitamente en el contenido de las evidencias proporcionadas. La tabla de contenidos del manual indica que existe una sección titulada ""2 Uso destinado"", pero el contenido de esa sección no está incluido en los fragmentos de evidencia suministrados.",OK
122,0.0,0,¿Qué procedimiento describe la secuencia de trabajo al utilizar la pistola de soldadura manual DNP-35?,"Conectar el sonotrodo a la pieza, pulsar el gatillo para iniciar ultrasonidos, mantener presión ligera, soltar gatillo al finalizar, dejar el sonotrodo 2-3 s para enfriamiento y retirarlo.","El manual de la pistola de soldadura manual DNP-35 describe la secuencia de trabajo en la sección 6.3, titulada ""Secuencia de trabajo"".",OK
124,0.5,1,¿Qué regla de seguridad se establece respecto al contacto con el sonotrodo durante el funcionamiento?,No tocar el sonotrodo cuando estén activados los ultrasonidos. ¡Peligro de quemaduras!,"La regla de seguridad establece que no se debe tocar el sonotrodo cuando estén activados los ultrasonidos, debido al peligro de quemaduras. Además, se debe evitar en todo momento que el sonotrodo tenga contacto directo con metal cuando estén activados los ultrasonidos, ya que esto puede destruir el aparato.",OK
125,1.0,1,¿Cuál es la tensión y frecuencia de alimentación eléctrica de la máquina de soldadura por ultrasonidos del proyecto 100_096_01 Cefa_ES?,3x400V / N / PE / 10A / 50Hz,La máquina de soldadura por ultrasonidos del proyecto 100_096_01 Cefa_ES tiene una tensión de alimentación de 3x400V y una frecuencia de 50 Hz.,OK
126,0.5,1,¿Qué tipo de fusible principal se especifica para la protección del sistema en el proyecto 100_096_01 Cefa_ES?,"Fusible principal: sistema de aseguramiento DIAZED, Categoría de uso gG","Para la protección del sistema en el proyecto 100_096_01 Cefa_ES, se especifica un fusible principal del sistema DIAZED, categoría de uso gG, con una corriente nominal de 32 A y una corriente de cortocircuito de 5 kA. El fusible previo es de 3x32A gG.",OK
127,0.0,0,¿Qué advertencia de seguridad se indica al desconectar el interruptor principal en el armario de distribución?,Al desconectar el interruptor principal sigue habiento tensión,No se encontró información específica sobre advertencias de seguridad al desconectar el interruptor principal en el armario de distribución en los contextos proporcionados.,NOT_FOUND_IN_DOCS
130,1.0,1,¿Qué fabricante suministra el cilindro de carrera 300 mm utilizado en la mesa móvil de la EcoFlex iSonic?,Cilindro Ø32; Carrera 300 Festo DNC-32-300-PPV-A,El cilindro de carrera 300 mm utilizado en la mesa móvil de la EcoFlex iSonic es suministrado por Festo.,OK
131,0.25,0,¿Qué procedimiento de advertencia se indica respecto a las líneas neumáticas en la EcoFlex iSonic?,¡ATENCIÓN! Línea está bajo presión,"El procedimiento de advertencia respecto a las líneas neumáticas en la EcoFlex iSonic es: CUIDADO: RIESGO DE APLASTAMIENTO; ¡Al conectar o desconectar los conductos neumáticos, tenga cuidado de que no haya energía residual en dichos conductos!",OK
133,1.0,1,¿Cuál es el tiempo máximo de trabajo configurado en los parámetros de la máquina del proyecto Steering Column Mercedes VAN EA?,"Tiempo máximo de trabajo: 9,90 s","El tiempo máximo de trabajo configurado en los parámetros de la máquina del proyecto Steering Column Mercedes VAN EA es 9,90 segundos.",OK
141,1.0,1,¿Qué instrumento de medición se utilizó para las mediciones eléctricas del sistema BR 449_IP_MTPE_250-32?,Messgerät: Fluke 1654B,Para las mediciones eléctricas del sistema BR 449_IP_MTPE_250-32 se utilizó el instrumento de medición Fluke 1654B.,OK
143,0.5,1,¿Qué procedimiento de medición de aislamiento se aplica y qué tensión de prueba se utiliza en la BR 449_IP_MTPE_250-32?,"Prüfspannung 500V, Schutzklasse I – > 0,3MΩ (mit Heizelementen), Schutzklasse I – > 1MΩ (ohne Heizelementen), > 2MΩ (berührbare, leitfähige Teile ohne SL-Anschluss), Schutzklasse II >2,0MΩ","En la BR 449_IP_MTPE_250-32 se aplica el procedimiento de medición de aislamiento (Isolationsmessung) con una tensión de prueba de 500 V. La evidencia muestra múltiples mediciones realizadas con una tensión de prueba de 520 V (valor medido), según lo registrado en los informes de prueba DGUV.",OK
144,1.0,1,¿Qué condición debe cumplirse para la medición del interruptor diferencial (RCD) en la BR 449_IP_MTPE_250-32?,FI Messung Auslösezeit ~40ms Auslösestrom <30mA,"Para la medición del interruptor diferencial (RCD) en la BR 449_IP_MTPE_250-32, la condición que debe cumplirse es que el interruptor tenga un tiempo de disparo de aproximadamente 40 ms y un corriente de disparo inferior a 30 mA.",OK
145,1.0,1,¿Qué advertencia general debe leerse antes de realizar tareas de mantenimiento en la BR 449_IP_MTPE_250-32?,"¡Antes de llevar a cabo ninguna tarea de mantenimiento, lea atentamente los datos de los puntos de mantenimiento!","Antes de llevar a cabo ninguna tarea de mantenimiento, debe leerse atentamente los datos de los puntos de mantenimiento.",OK
146,0.5,1,¿Qué procedimiento debe seguirse para asegurar la instalación frente a la reconexión durante el mantenimiento de la BR 449_IP_MTPE_250-32?,Señalice y cierre la instalación antes de las tareas de reparación; coloque advertencia en el interruptor principal; interrumpa el circuito de seguridad; cierre y despresurice la conexión de aire comprimido.,"Para asegurar la instalación frente a la reconexión durante el mantenimiento, se deben seguir estos pasos: 1) Señalizar y cerrar la instalación antes de las tareas de reparación con carteles que indiquen '¡La instalación se encuentra en mantenimiento!' y '¡Entrada prohibida a personal no autorizado!'. 2) Colocar una advertencia en el interruptor principal. 3) Interrumpir y asegurar el circuito de seguridad frente a un cierre.",OK
148,0.5,1,¿Qué acción debe realizarse si falla la protección contra caídas durante las comprobaciones?,"¡Si en las comprobaciones falla la protección contra caídas, debe detenerse de inmediato la instalación!","Si en las comprobaciones falla la protección contra caídas, debe detenerse de inmediato la instalación y contactar de inmediato con la empresa 3Con o con el fabricante.",OK
149,1.0,1,¿Cuál es el valor total del equipo indicado en la lista de repuestos de la BR 449_IP_MTPE_250-32?,"Total Equipment value = 2.730.000,00 €","El valor total del equipo indicado en la lista de repuestos de la BR 449_IP_MTPE_250-32 es 2.730.000,00 €.",OK
152,1.0,1,¿Qué regla se establece sobre la validez de los precios en la lista de repuestos de la BR 449_IP_MTPE_250-32?,Price validity: up to 3 months after issue,La regla establecida sobre la validez de los precios en la lista de repuestos de la BR 449_IP_MTPE_250-32 es que la validez de los precios es de hasta 3 meses después de la emisión.,OK
153,0.0,0,¿Qué norma eléctrica principal se menciona para el cuadro eléctrico de la BR 449_IP_MTPE_250-32?,Standard IEC 61439-2,La norma eléctrica principal mencionada para el cuadro eléctrico es EN60439-1.,OK
156,1.0,1,¿Qué regla se establece sobre el dimensionado del cable de conexión del sistema?,Cable dimensioning of the connecting cable must be carried out by the operator of the system.,La regla establecida sobre el dimensionado del cable de conexión del sistema es que debe ser realizado por el operador del sistema.,OK
157,1.0,1,¿Cuál es el propósito del documento de capacitación relacionado con las instalaciones de 3CON?,Diploma de capacitación para el uso de instalaciones + herramientas de 3CON,El propósito del documento de capacitación relacionado con las instalaciones de 3CON es certificar la formación para el uso de instalaciones y herramientas de 3CON.,OK
158,0.0,0,¿Qué procedimiento administrativo se indica para documentar la formación recibida en el diploma?,(Lugar/fecha) Nombre Firma Instructor Participante 1 Participante 2 Participante 3 Participante 4 Participante 5 Participante 6 Participante 7 Participante 8 Participante 9 Participante 10,"El procedimiento administrativo indicado para documentar la formación recibida en el diploma consiste en completar el formulario 'Diploma de capacitación para el uso de instalaciones + herramientas de 3CON'. Este formulario requiere especificar la denominación de la instalación y el número de proyecto de 3CON, marcar los temas tratados en la formación, y finalmente, en la sección inferior, indicar el lugar y fecha, y recoger las firmas del instructor y de los participantes (hasta 10).",OK
160,0.25,0,¿Qué requisito de documentación se establece tras completar la formación?,"Deben registrarse lugar/fecha, nombre y firma del instructor y de los participantes.","Tras completar la formación, se establece el requisito de documentar la formación en el registro de formación.",OK
161,1.0,1,¿Qué instrumento de medición se utilizó para las mediciones eléctricas del sistema BR 449_IP lower center cover+glove box_LHD_EDGE_TOOL_1+0_1+0?,Messgerät: FLUKE 1654B,Para las mediciones eléctricas del sistema BR 449_IP lower center cover+Glove box_LHD_VAC_TOOL_1+0_1+0 se utilizó el instrumento de medición Fluke 1654B.,OK
162,1.0,1,¿Qué valor máximo permitido se establece para la medición de baja resistencia del conductor de protección?,"Messwerte in OHM < 0,10","El valor máximo permitido para la medición de baja resistencia del conductor de protección es < 0,10 ohmios.",OK
163,1.0,1,¿Qué tensión de prueba se utiliza en la medición de aislamiento del sistema?,Prüfspannung 500V,La tensión de prueba utilizada en la medición de aislamiento del sistema es 500 V.,OK
165,1.0,1,¿Qué tipo de cable y fabricante del conector se utilizan en la red Profinet del sistema BR 449_IP lower center cover+glove box_LHD_EDGE_TOOL_1+0_1+0?,Kabelbezeichnung: lapp etherline ; Steckername: siemens,En la red Profinet del sistema BR 449_IP lower center cover+glove box_LHD_EDGE_TOOL_1+0_1+0 se utiliza cable lapp etherline y conectores del fabricante siemens.,OK
167,1.0,1,¿Qué estándar de cableado se utilizó en la red Profinet del sistema?,Verdrahtung: T568B,En la red Profinet del sistema se utilizó el estándar de cableado T568B.,OK
169,1.0,1,¿Qué advertencia general debe cumplirse antes de realizar tareas de mantenimiento en la BR 449_IP lower center cover+glove box_LHD_EDGE_TOOL_1+0_1+0?,"¡Antes de llevar a cabo ninguna tarea de mantenimiento, lea atentamente los datos de los puntos de mantenimiento!","Antes de realizar tareas de mantenimiento en cualquier componente, incluida la BR 449_IP lower center cover+glove box_LHD_EDGE_TOOL_1+0_1+0, se debe cumplir la advertencia general de leer atentamente los datos de los puntos de mantenimiento.",OK
170,0.5,1,¿Qué procedimiento debe seguirse para asegurar la instalación frente a la reconexión durante el mantenimiento?,Señalice y cierre la instalación antes de las tareas de reparación; coloque advertencia en el interruptor principal; interrumpa el circuito de seguridad; cierre y despresurice la conexión de aire comprimido.,"Para asegurar la instalación frente a la reconexión durante el mantenimiento, se deben seguir estos pasos: 1) Señalizar y cerrar la instalación antes de las tareas de reparación con carteles que indiquen '¡La instalación se encuentra en mantenimiento!' y '¡Entrada prohibida a personal no autorizado!'. 2) Colocar también una advertencia en el interruptor principal. 3) Interrumpir y asegurar el circuito de seguridad frente a un cierre.",OK
172,0.5,1,¿Qué acción debe realizarse si falla la protección contra caídas durante las comprobaciones?,"¡Si en las comprobaciones falla la protección contra caídas, debe detenerse de inmediato la instalación!","Si en las comprobaciones falla la protección contra caídas, debe detenerse de inmediato la instalación y contactar de inmediato con la empresa 3Con o con el fabricante.",OK
173,1.0,1,¿Cuál es el valor total del equipo indicado en la lista de repuestos de la BR 449_IP lower center cover+glove box_LHD_EDGE_TOOL_1+0_1+0?,"Total Equipment value = 2.730.000,00 €","El valor total del equipo indicado en la lista de repuestos para la BR 449_IP lower center cover+glove box_LHD_EDGE_TOOL_1+0_1+0 es 2.730.000,00 €.",OK
176,1.0,1,¿Qué regla se establece sobre la validez de los precios en la lista de repuestos?,Price validity: up to 3 months after issue,La regla establecida sobre la validez de los precios en la lista de repuestos es que la validez de los precios es de hasta 3 meses después de la emisión del documento.,OK
177,0.0,0,¿Qué estándar eléctrico principal se menciona para el sistema BR 449_IP lower center cover+glove box_LHD_EDGE_TOOL_1+0_1+0?,Standard IEC 61439-2,No se menciona un estándar eléctrico principal específico para el sistema BR 449_IP lower center cover+glove box_LHD_EDGE_TOOL_1+0_1+0 en los documentos proporcionados.,NOT_FOUND_IN_DOCS
180,1.0,1,¿Qué regla se establece sobre el dimensionado del cable de conexión del sistema?,Cable dimensioning of the connecting cable must be carried out by the operator of the system.,La regla establecida sobre el dimensionado del cable de conexión del sistema es que debe ser realizado por el operador del sistema.,OK
181,1.0,1,¿Cuál es el propósito del diploma de capacitación relacionado con las instalaciones de 3CON?,Diploma de capacitación para el uso de instalaciones + herramientas de 3CON,El propósito del diploma de capacitación relacionado con las instalaciones de 3CON es certificar la formación para el uso de instalaciones y herramientas de 3CON.,OK
182,0.0,0,¿Qué procedimiento administrativo debe completarse tras la formación según el diploma?,(Lugar/fecha) Nombre Firma Instructor Participante 1 Participante 2 Participante 3 Participante 4 Participante 5 Participante 6 Participante 7 Participante 8 Participante 9 Participante 10,"Tras la formación, se debe completar el diploma de capacitación, que incluye la firma del instructor y de los participantes en las secciones correspondientes.",OK
184,0.25,0,¿Qué requisito de documentación se establece tras completar la formación?,"Deben registrarse lugar/fecha, nombre y firma del instructor y de los participantes.","Tras completar la formación, se establece el requisito de documentar la formación en el registro de formación.",OK
185,1.0,1,¿Qué advertencia general debe leerse antes de realizar cualquier tarea de mantenimiento en la instalación del proyecto 1005811?,"¡Antes de llevar a cabo ninguna tarea de mantenimiento, lea atentamente los datos de los puntos de mantenimiento!","Antes de llevar a cabo ninguna tarea de mantenimiento, debe leerse atentamente los datos de los puntos de mantenimiento.",OK
186,0.5,1,¿Qué procedimiento debe seguirse para asegurar la instalación frente a la reconexión durante el mantenimiento del proyecto 1005811?,Señalice y cierre la instalación; coloque advertencia en el interruptor principal; interrumpa el circuito de seguridad; cierre y despresurice la conexión de aire comprimido.,"Para asegurar la instalación frente a la reconexión durante el mantenimiento del proyecto 1005811, se debe seguir el siguiente procedimiento: Señalizar y cerrar la instalación antes de las tareas de reparación con un cartel que indique ""¡La instalación se encuentra en mantenimiento!"" / ""¡Entrada prohibida a personal no autorizado!"". Colocar también una advertencia en el interruptor principal. Interrumpir y asegurar el circuito de seguridad frente a un cierre.",OK
189,1.0,1,¿Cuál es el valor total del equipo indicado en la lista de repuestos del proyecto 1005811?,"Total Equipment value = 2.730.000,00 €","El valor total del equipo indicado en la lista de repuestos del proyecto 1005811 es 2.730.000,00 €.",OK
192,1.0,1,¿Qué regla se establece sobre la validez de los precios en la lista de repuestos?,Price validity: up to 3 months after issue,La regla establecida sobre la validez de los precios en la lista de repuestos es que la validez de los precios es de hasta 3 meses después de la emisión del documento.,OK
193,0.5,1,¿Qué estándar eléctrico principal se aplica al sistema del proyecto BR 449_glove box_LHD/RHD_WELD_TOOL_1+1?,Standard IEC 61439-2,El estándar eléctrico principal aplicado al sistema del proyecto BR 449_glove box_LHD/RHD_WELD_TOOL_1+1 es IEC.,OK
196,0.0,0,¿Qué regla se establece sobre el dimensionado del cable de conexión del sistema?,Cable dimensioning of the connecting cable must be carried out by the operator of the system.,No se encontró ninguna regla específica sobre el dimensionado del cable de conexión del sistema en los documentos proporcionados.,NOT_FOUND_IN_DOCS
197,1.0,1,¿Cuál es el propósito del diploma de capacitación relacionado con las instalaciones de 3CON del proyecto 1005811?,Diploma de capacitación para el uso de instalaciones + herramientas de 3CON,El propósito del diploma de capacitación relacionado con las instalaciones de 3CON del proyecto 1005811 es certificar la formación para el uso de instalaciones y herramientas de 3CON.,OK
198,0.0,0,¿Qué procedimiento administrativo debe completarse tras la formación según el diploma?,(Lugar/fecha) Nombre Firma Instructor Participante 1 Participante 2 Participante 3 Participante 4 Participante 5 Participante 6 Participante 7 Participante 8 Participante 9 Participante 10,"Tras la formación, se debe completar el diploma de capacitación, que incluye la firma del instructor y de los participantes en los campos correspondientes.",OK
200,0.5,1,¿Qué requisito de documentación se establece tras completar la formación?,"Deben registrarse lugar/fecha, nombre y firma del instructor y de los participantes.","Tras completar la formación, se debe documentar la formación en la lista de formación.",OK
201,1.0,1,¿Qué funciones muestra el resumen del control general del panel táctil de la instalación?,Muestra los botones para el control de la instalación; muestra el menú de navegación; muestra los submenús del menú de navegación; muestra el estado del proceso de la instalación.,El resumen del control general del panel táctil de la instalación muestra las siguientes funciones: 1) Muestra los botones para el control de la instalación. 2) Muestra el menú de navegación relacionado con la máquina. 3) Muestra los submenús del menú de navegación relacionado con la máquina. 4) Muestra el estado del proceso de la instalación.,OK
202,0.5,1,¿Qué procedimiento debe seguirse para iniciar sesión de usuario y modificar parámetros en el panel táctil?,"Para ejecutar funciones manuales o modificar parámetros debe iniciarse sesión; para ello, su cuenta de usuario debe disponer de las habilitaciones necesarias.","Para iniciar sesión de usuario y modificar parámetros en el panel táctil, debe: 1) Cambiar a la pantalla del sistema 'Iniciar sesión de usuario' (Log in). 2) Tener una cuenta de usuario con las habilitaciones necesarias para modificar parámetros. 3) Según la gestión de usuarios, el grupo 'Ingeniero' (Engineering) es el que puede modificar parámetros y ejecutar movimientos manuales. 4) Para modificar propiedades de un usuario, se debe pulsar en el campo deseado.",OK
204,0.75,1,¿Qué advertencia se indica respecto a la desactivación de las unidades de vigilancia del sistema?,Las funciones del sistema y los dispositivos de vigilancia deben desactivarse únicamente en casos absolutamente excepcionales.,"La advertencia indica que las funciones del sistema y los dispositivos de vigilancia deben desactivarse únicamente en casos absolutamente excepcionales, ya que cada dispositivo de vigilancia contribuye al funcionamiento fiable del equipo.",OK
205,1.0,1,¿Cuál es el valor total del equipo indicado en la lista de repuestos del producto BR 449_IP_VAC+ESL_MTP_250-50_with vacuum kit?,"Total Equipment value = 2.730.000,00 €","El valor total del equipo indicado en la lista de repuestos del producto BR 449_IP_VAC+ESL_MTP_250-50_with vacuum kit es 2.730.000,00 €.",OK
208,1.0,1,¿Qué regla se establece sobre la validez de los precios en la lista de repuestos?,Price validity: up to 3 months after issue,La regla establecida sobre la validez de los precios en la lista de repuestos es que la validez de los precios es de hasta 3 meses después de la emisión.,OK
